File;Prt;Name;Content;Language;Picture;PrtID;ContentID;Exp1;Exp2;Exp3;Exp4;Exp5;Exp6;Exp7;Exp8;Exp9;Exp10
B4070IC01.tif;B4070;IC01;;I;C;1;1;3;2;1;3;1;3;1;3;1;3
B4070IC02.tif;B4070;IC02;;I;C;1;2;3;1;2;3;1;3;3;2;1;3
B4070IC03.tif;B4070;IC03;;I;C;1;3;3;1;1;3;3;2;3;2;1;3
B4070IC04.tif;B4070;IC04;;I;C;1;4;3;2;1;3;1;3;3;1;3;2
B4070IC05.tif;B4070;IC05;;I;C;1;5;3;1;3;1;3;1;3;1;3;1
B4070IC06.tif;B4070;IC06;;I;C;1;6;3;1;1;3;1;3;2;3;1;3
B4070IC07.tif;B4070;IC07;;I;C;1;7;3;2;1;3;1;3;3;1;3;1
B4070IC08.tif;B4070;IC08;;I;C;1;8;3;1;2;3;1;3;2;3;3;1
B4070IC09.tif;B4070;IC09;;I;C;1;9;3;1;1;3;2;3;3;1;2;3
B4070IC10.tif;B4070;IC10;;I;C;1;10;3;2;3;1;1;3;3;1;3;1
B4070IC11.tif;B4070;IC11;;I;C;1;11;3;1;1;3;3;1;3;1;1;3
B4070IC12.tif;B4070;IC12;;I;C;1;12;3;1;3;1;3;1;3;1;3;1
B4070IC13.tif;B4070;IC13;;I;C;1;13;1;3;3;1;3;1;3;1;3;1
B4070IC14.tif;B4070;IC14;;I;C;1;14;1;3;3;1;1;3;1;3;1;3
B4070IC15.tif;B4070;IC15;;I;C;1;15;1;3;1;3;3;1;3;1;3;1
B4070IC16.tif;B4070;IC16;;I;C;1;16;3;1;2;3;1;3;1;3;1;3
B4070IC17.tif;B4070;IC17;;I;C;1;17;3;1;3;1;3;1;1;3;3;2
B4070IC18.tif;B4070;IC18;;I;C;1;18;3;1;3;1;3;1;3;1;3;1
B4070IC19.tif;B4070;IC19;;I;C;1;19;3;1;3;2;3;1;3;2;2;3
B4070IC20.tif;B4070;IC20;;I;C;1;20;3;1;2;3;3;1;1;3;2;3
B4070IC21.tif;B4070;IC21;;I;C;1;21;3;1;3;1;3;1;3;2;3;1
B4070IC22.tif;B4070;IC22;;I;C;1;22;1;3;3;1;1;3;1;3;1;3
B4070IC23.tif;B4070;IC23;;I;C;1;23;2;3;3;1;3;1;3;1;3;1
B4070IC24.tif;B4070;IC24;;I;C;1;24;1;3;1;3;1;3;1;3;3;1
B4070IC25.tif;B4070;IC25;;I;C;1;25;1;3;1;3;1;3;2;3;2;3
B4070IC26.tif;B4070;IC26;;I;C;1;26;2;3;3;1;3;1;3;1;2;3
B4070IC27.tif;B4070;IC27;;I;C;1;27;3;1;3;1;1;3;3;2;3;2
B4070IC28.tif;B4070;IC28;;I;C;1;28;1;3;1;3;1;3;3;1;1;3
B4070IC29.tif;B4070;IC29;;I;C;1;29;1;3;1;3;1;3;1;3;1;3
B4070IC30.tif;B4070;IC30;;I;C;1;30;3;1;1;3;3;2;3;2;3;1
B4070IS01.tif;B4070;IS01;;I;S;1;31;2;3;3;1;2;3;3;1;3;1
B4070IS02.tif;B4070;IS02;;I;S;1;32;1;3;1;3;1;3;1;3;1;3
B4070IS03.tif;B4070;IS03;;I;S;1;33;1;3;1;3;1;3;1;3;1;3
B4070IS04.tif;B4070;IS04;;I;S;1;34;3;1;3;1;1;3;3;2;2;3
B4070IS05.tif;B4070;IS05;;I;S;1;35;3;1;3;1;2;3;3;1;2;3
B4070IS06.tif;B4070;IS06;;I;S;1;36;1;3;1;3;2;3;1;3;3;1
B4070IS07.tif;B4070;IS07;;I;S;1;37;1;3;1;3;1;3;1;3;3;1
B4070IS08.tif;B4070;IS08;;I;S;1;38;1;3;1;3;1;3;1;3;3;1
B4070IS09.tif;B4070;IS09;;I;S;1;39;1;3;1;3;1;3;1;3;1;3
B4070IS10.tif;B4070;IS10;;I;S;1;40;3;1;3;1;3;1;2;3;3;1
B4070IS11.tif;B4070;IS11;;I;S;1;41;3;1;3;1;3;1;2;3;3;1
B4070IS12.tif;B4070;IS12;;I;S;1;42;3;1;3;1;3;1;3;1;3;2
B4070IS13.tif;B4070;IS13;;I;S;1;43;3;2;3;1;3;2;3;1;3;1
B4070IS14.tif;B4070;IS14;;I;S;1;44;1;3;2;3;3;2;3;2;1;3
B4070IS15.tif;B4070;IS15;;I;S;1;45;3;1;2;3;3;1;3;2;3;1
B4070IS16.tif;B4070;IS16;;I;S;1;46;1;3;1;3;3;1;3;1;3;1
B4070IS17.tif;B4070;IS17;;I;S;1;47;2;3;3;1;1;3;1;3;1;3
B4070IS18.tif;B4070;IS18;;I;S;1;48;3;2;1;3;3;1;3;1;1;3
B4070IS19.tif;B4070;IS19;;I;S;1;49;3;1;3;1;3;1;3;1;3;1
B4070IS20.tif;B4070;IS20;;I;S;1;50;2;3;3;1;3;1;3;1;3;2
B4070IS21.tif;B4070;IS21;;I;S;1;51;3;1;3;1;3;1;3;1;3;1
B4070IS22.tif;B4070;IS22;;I;S;1;52;3;1;3;1;3;1;1;3;1;3
B4070IS23.tif;B4070;IS23;;I;S;1;53;1;3;3;1;3;1;1;3;3;2
B4070IS24.tif;B4070;IS24;;I;S;1;54;3;2;1;3;1;3;1;3;1;3
B4070IS25.tif;B4070;IS25;;I;S;1;55;3;1;3;2;3;1;3;2;3;1
B4070IS26.tif;B4070;IS26;;I;S;1;56;3;1;3;1;3;1;3;2;3;1
B4070IS27.tif;B4070;IS27;;I;S;1;57;3;1;3;1;1;3;3;1;3;2
B4070IS28.tif;B4070;IS28;;I;S;1;58;2;3;1;3;2;3;3;1;1;3
B4070IS29.tif;B4070;IS29;;I;S;1;59;1;3;3;1;2;3;3;1;1;3
B4070IS30.tif;B4070;IS30;;I;S;1;60;1;3;1;3;1;3;1;3;1;3
B4070PC01.tif;B4070;PC01;;P;C;1;61;1;3;3;1;3;1;3;1;1;3
B4070PC02.tif;B4070;PC02;;P;C;1;62;1;3;1;3;1;3;1;3;1;3
B4070PC03.tif;B4070;PC03;;P;C;1;63;3;2;3;1;1;3;2;3;3;1
B4070PC04.tif;B4070;PC04;;P;C;1;64;3;1;1;3;2;3;3;2;1;3
B4070PC05.tif;B4070;PC05;;P;C;1;65;1;3;1;3;1;3;1;3;1;3
B4070PC06.tif;B4070;PC06;;P;C;1;66;3;1;3;1;3;1;3;2;1;3
B4070PC07.tif;B4070;PC07;;P;C;1;67;1;3;3;1;3;1;3;1;3;2
B4070PC08.tif;B4070;PC08;;P;C;1;68;3;1;3;1;3;1;3;1;1;3
B4070PC09.tif;B4070;PC09;;P;C;1;69;2;3;3;1;3;2;3;1;3;1
B4070PC10.tif;B4070;PC10;;P;C;1;70;2;3;2;3;3;1;2;3;3;1
B4070PC11.tif;B4070;PC11;;P;C;1;71;2;3;1;3;3;2;3;1;2;3
B4070PC12.tif;B4070;PC12;;P;C;1;72;1;3;1;3;1;3;1;3;1;3
B4070PC13.tif;B4070;PC13;;P;C;1;73;3;1;2;3;1;3;1;3;1;3
B4070PC14.tif;B4070;PC14;;P;C;1;74;3;1;3;1;3;1;2;3;3;1
B4070PC15.tif;B4070;PC15;;P;C;1;75;1;3;1;3;1;3;1;3;1;3
B4070PC16.tif;B4070;PC16;;P;C;1;76;3;1;3;1;3;1;3;1;2;3
B4070PC17.tif;B4070;PC17;;P;C;1;77;2;3;3;1;3;1;3;1;3;1
B4070PC18.tif;B4070;PC18;;P;C;1;78;3;1;3;1;1;3;2;3;2;3
B4070PC19.tif;B4070;PC19;;P;C;1;79;3;2;2;3;3;2;1;3;1;3
B4070PC20.tif;B4070;PC20;;P;C;1;80;3;1;3;1;3;1;3;1;3;2
B4070PC21.tif;B4070;PC21;;P;C;1;81;3;1;1;3;1;3;2;3;1;3
B4070PC22.tif;B4070;PC22;;P;C;1;82;3;1;3;1;3;2;3;1;3;1
B4070PC23.tif;B4070;PC23;;P;C;1;83;1;3;1;3;1;3;1;3;3;2
B4070PC24.tif;B4070;PC24;;P;C;1;84;1;3;1;3;1;3;1;3;3;1
B4070PC25.tif;B4070;PC25;;P;C;1;85;3;1;2;3;3;1;2;3;3;1
B4070PC26.tif;B4070;PC26;;P;C;1;86;3;1;3;1;3;1;3;2;3;2
B4070PC27.tif;B4070;PC27;;P;C;1;87;1;3;1;3;1;3;1;3;1;3
B4070PC28.tif;B4070;PC28;;P;C;1;88;3;1;3;1;3;1;3;1;3;1
B4070PC29.tif;B4070;PC29;;P;C;1;89;2;3;3;1;1;3;3;1;3;1
B4070PC30.tif;B4070;PC30;;P;C;1;90;1;3;1;3;1;3;1;3;1;3
B4070PS01.tif;B4070;PS01;;P;S;1;91;1;3;1;3;1;3;1;3;1;3
B4070PS02.tif;B4070;PS02;;P;S;1;92;3;2;3;2;3;1;3;1;3;1
B4070PS03.tif;B4070;PS03;;P;S;1;93;3;2;3;2;3;1;3;2;3;1
B4070PS04.tif;B4070;PS04;;P;S;1;94;1;3;3;1;1;3;3;1;1;3
B4070PS05.tif;B4070;PS05;;P;S;1;95;1;3;2;3;1;3;1;3;3;1
B4070PS06.tif;B4070;PS06;;P;S;1;96;3;1;3;2;3;1;3;1;3;1
B4070PS07.tif;B4070;PS07;;P;S;1;97;1;3;1;3;2;3;1;3;3;1
B4070PS08.tif;B4070;PS08;;P;S;1;98;1;3;1;3;1;3;1;3;3;1
B4070PS09.tif;B4070;PS09;;P;S;1;99;2;3;1;3;2;3;3;1;3;1
B4070PS10.tif;B4070;PS10;;P;S;1;100;3;1;1;3;1;3;1;3;1;3
B4070PS11.tif;B4070;PS11;;P;S;1;101;3;1;3;1;2;3;3;1;3;1
B4070PS12.tif;B4070;PS12;;P;S;1;102;3;1;3;1;3;2;1;3;1;3
B4070PS13.tif;B4070;PS13;;P;S;1;103;3;2;1;3;1;3;3;1;1;3
B4070PS14.tif;B4070;PS14;;P;S;1;104;2;3;3;1;3;1;3;1;2;3
B4070PS15.tif;B4070;PS15;;P;S;1;105;1;3;1;3;3;1;3;1;3;1
B4070PS16.tif;B4070;PS16;;P;S;1;106;1;3;1;3;1;3;1;3;1;3
B4070PS17.tif;B4070;PS17;;P;S;1;107;3;1;3;1;3;1;3;1;3;1
B4070PS18.tif;B4070;PS18;;P;S;1;108;3;1;2;3;1;3;1;3;1;3
B4070PS19.tif;B4070;PS19;;P;S;1;109;3;1;3;2;3;2;3;1;1;3
B4070PS20.tif;B4070;PS20;;P;S;1;110;3;2;2;3;3;1;3;1;3;1
B4070PS21.tif;B4070;PS21;;P;S;1;111;3;1;3;1;2;3;3;1;2;3
B4070PS22.tif;B4070;PS22;;P;S;1;112;1;3;3;2;3;1;3;2;1;3
B4070PS23.tif;B4070;PS23;;P;S;1;113;3;1;1;3;1;3;1;3;1;3
B4070PS24.tif;B4070;PS24;;P;S;1;114;1;3;3;1;3;1;3;1;3;1
B4070PS25.tif;B4070;PS25;;P;S;1;115;2;3;1;3;2;3;3;1;3;1
B4070PS26.tif;B4070;PS26;;P;S;1;116;1;3;1;3;1;3;1;3;1;3
B4070PS27.tif;B4070;PS27;;P;S;1;117;2;3;1;3;3;1;3;1;1;3
B4070PS28.tif;B4070;PS28;;P;S;1;118;3;1;3;1;1;3;3;1;3;1
B4070PS29.tif;B4070;PS29;;P;S;1;119;1;3;1;3;1;3;1;3;1;3
B4070PS30.tif;B4070;PS30;;P;S;1;120;1;3;3;2;3;2;3;1;1;3
C1150IC01.tif;C1150;IC01;;I;C;2;1;1;3;2;3;3;1;3;1;1;3
C1150IC02.tif;C1150;IC02;;I;C;2;2;1;3;3;1;3;2;3;1;1;3
C1150IC03.tif;C1150;IC03;;I;C;2;3;1;3;1;3;3;1;1;3;1;3
C1150IC04.tif;C1150;IC04;;I;C;2;4;1;3;1;3;1;3;2;3;1;3
C1150IC05.tif;C1150;IC05;;I;C;2;5;3;2;3;1;3;1;2;3;3;1
C1150IC06.tif;C1150;IC06;;I;C;2;6;3;1;3;1;1;3;1;3;3;2
C1150IC07.tif;C1150;IC07;;I;C;2;7;1;3;3;2;1;3;1;3;3;2
C1150IC08.tif;C1150;IC08;;I;C;2;8;1;3;3;1;3;2;2;3;3;1
C1150IC09.tif;C1150;IC09;;I;C;2;9;3;2;1;3;1;3;1;3;1;3
C1150IC10.tif;C1150;IC10;;I;C;2;10;3;1;3;1;2;3;3;1;3;2
C1150IC11.tif;C1150;IC11;;I;C;2;11;1;3;1;3;1;3;1;3;1;3
C1150IC12.tif;C1150;IC12;;I;C;2;12;1;3;3;1;1;3;3;2;3;1
C1150IC13.tif;C1150;IC13;;I;C;2;13;1;3;2;3;3;1;3;1;3;1
C1150IC14.tif;C1150;IC14;;I;C;2;14;3;1;3;2;2;3;1;3;1;3
C1150IC15.tif;C1150;IC15;;I;C;2;15;3;1;3;1;3;2;3;1;3;2
C1150IC17.tif;C1150;IC17;;I;C;2;17;3;1;3;2;3;1;3;1;3;2
C1150IC18.tif;C1150;IC18;;I;C;2;18;3;1;3;1;1;3;3;1;3;2
C1150IC19.tif;C1150;IC19;;I;C;2;19;1;3;1;3;1;3;1;3;1;3
C1150IC20.tif;C1150;IC20;;I;C;2;20;3;1;3;1;3;1;2;3;3;1
C1150IC21.tif;C1150;IC21;;I;C;2;21;1;3;3;1;3;1;2;3;1;3
C1150IC22.tif;C1150;IC22;;I;C;2;22;3;2;3;1;3;2;3;1;3;1
C1150IC23.tif;C1150;IC23;;I;C;2;23;2;3;1;3;1;3;1;3;3;2
C1150IC24.tif;C1150;IC24;;I;C;2;24;2;3;2;3;1;3;1;3;3;1
C1150IC25.tif;C1150;IC25;;I;C;2;25;1;3;1;3;2;3;1;3;1;3
C1150IC26.tif;C1150;IC26;;I;C;2;26;1;3;3;2;3;1;3;1;3;1
C1150IC27.tif;C1150;IC27;;I;C;2;27;3;1;3;1;3;1;3;2;3;1
C1150IC28.tif;C1150;IC28;;I;C;2;28;3;1;1;3;2;3;3;1;3;1
C1150IC29.tif;C1150;IC29;;I;C;2;29;3;1;3;2;3;1;3;2;1;3
C1150IC30.tif;C1150;IC30;;I;C;2;30;2;3;1;3;1;3;1;3;1;3
C1150IS01.tif;C1150;IS01;;I;S;2;31;1;3;3;1;1;3;1;3;1;3
C1150IS02.tif;C1150;IS02;;I;S;2;32;3;1;1;3;1;3;3;1;3;1
C1150IS03.tif;C1150;IS03;;I;S;2;33;3;1;3;1;3;2;3;2;3;1
C1150IS04.tif;C1150;IS04;;I;S;2;34;1;3;3;1;3;1;2;3;1;3
C1150IS05.tif;C1150;IS05;;I;S;2;35;1;3;1;3;1;3;1;3;1;3
C1150IS06.tif;C1150;IS06;;I;S;2;36;1;3;2;3;3;1;3;2;3;1
C1150IS07.tif;C1150;IS07;;I;S;2;37;2;3;3;1;1;3;1;3;1;3
C1150IS08.tif;C1150;IS08;;I;S;2;38;1;3;1;3;1;3;1;3;1;3
C1150IS09.tif;C1150;IS09;;I;S;2;39;3;1;3;1;3;1;2;3;3;2
C1150IS10.tif;C1150;IS10;;I;S;2;40;3;2;3;1;3;1;3;2;3;1
C1150IS11.tif;C1150;IS11;;I;S;2;41;1;3;1;3;1;3;1;3;1;3
C1150IS12.tif;C1150;IS12;;I;S;2;42;3;1;1;3;3;1;1;3;2;3
C1150IS13.tif;C1150;IS13;;I;S;2;43;3;1;1;3;3;2;3;2;3;1
C1150IS14.tif;C1150;IS14;;I;S;2;44;1;3;1;3;1;3;1;3;1;3
C1150IS15.tif;C1150;IS15;;I;S;2;45;1;3;3;1;1;3;2;3;2;3
C1150IS16.tif;C1150;IS16;;I;S;2;46;3;1;2;3;1;3;1;3;1;3
C1150IS17.tif;C1150;IS17;;I;S;2;47;2;3;3;1;3;1;3;1;3;1
C1150IS18.tif;C1150;IS18;;I;S;2;48;2;3;3;2;3;1;1;3;1;3
C1150IS19.tif;C1150;IS19;;I;S;2;49;3;2;3;1;3;2;2;3;3;1
C1150IS20.tif;C1150;IS20;;I;S;2;50;2;3;3;1;3;1;2;3;3;1
C1150IS21.tif;C1150;IS21;;I;S;2;51;3;2;3;1;2;3;2;3;3;1
C1150IS22.tif;C1150;IS22;;I;S;2;52;1;3;1;3;1;3;1;3;3;1
C1150IS24.tif;C1150;IS24;;I;S;2;54;1;3;1;3;1;3;1;3;3;1
C1150IS25.tif;C1150;IS25;;I;S;2;55;1;3;1;3;1;3;1;3;1;3
C1150IS26.tif;C1150;IS26;;I;S;2;56;1;3;1;3;1;3;1;3;1;3
C1150IS27.tif;C1150;IS27;;I;S;2;57;1;3;1;3;1;3;1;3;1;3
C1150IS28.tif;C1150;IS28;;I;S;2;58;3;1;2;3;3;1;3;1;3;1
C1150IS29.tif;C1150;IS29;;I;S;2;59;3;1;3;1;3;2;3;1;3;1
C1150IS30.tif;C1150;IS30;;I;S;2;60;1;3;2;3;1;3;1;3;3;1
C1150PC02.tif;C1150;PC02;;P;C;2;62;3;1;2;3;1;3;2;3;3;2
C1150PC03.tif;C1150;PC03;;P;C;2;63;3;1;3;1;1;3;3;1;3;1
C1150PC04.tif;C1150;PC04;;P;C;2;64;3;1;3;1;3;1;3;2;3;1
C1150PC05.tif;C1150;PC05;;P;C;2;65;3;1;3;2;1;3;3;1;3;1
C1150PC06.tif;C1150;PC06;;P;C;2;66;3;1;1;3;3;2;3;1;1;3
C1150PC07.tif;C1150;PC07;;P;C;2;67;2;3;3;1;3;1;3;1;1;3
C1150PC08.tif;C1150;PC08;;P;C;2;68;1;3;1;3;2;3;1;3;1;3
C1150PC10.tif;C1150;PC10;;P;C;2;70;2;3;3;1;3;2;3;1;3;1
C1150PC11.tif;C1150;PC11;;P;C;2;71;3;1;3;1;3;2;1;3;3;1
C1150PC12.tif;C1150;PC12;;P;C;2;72;1;3;1;3;3;2;1;3;3;1
C1150PC13.tif;C1150;PC13;;P;C;2;73;2;3;3;1;3;2;3;1;3;1
C1150PC14.tif;C1150;PC14;;P;C;2;74;1;3;3;1;1;3;1;3;1;3
C1150PC15.tif;C1150;PC15;;P;C;2;75;1;3;1;3;3;1;3;1;3;1
C1150PC16.tif;C1150;PC16;;P;C;2;76;3;2;3;1;1;3;1;3;1;3
C1150PC17.tif;C1150;PC17;;P;C;2;77;3;1;3;2;3;2;3;1;3;1
C1150PC18.tif;C1150;PC18;;P;C;2;78;1;3;3;2;3;2;3;1;3;1
C1150PC19.tif;C1150;PC19;;P;C;2;79;1;3;1;3;1;3;1;3;1;3
C1150PC20.tif;C1150;PC20;;P;C;2;80;3;1;3;2;3;1;1;3;1;3
C1150PC21.tif;C1150;PC21;;P;C;2;81;3;1;3;2;3;1;3;2;3;1
C1150PC22.tif;C1150;PC22;;P;C;2;82;3;2;3;1;3;1;3;1;3;1
C1150PC23.tif;C1150;PC23;;P;C;2;83;3;1;3;1;3;2;3;1;3;2
C1150PC24.tif;C1150;PC24;;P;C;2;84;1;3;1;3;1;3;1;3;1;3
C1150PC25.tif;C1150;PC25;;P;C;2;85;1;3;1;3;1;3;1;3;3;1
C1150PC26.tif;C1150;PC26;;P;C;2;86;1;3;2;3;1;3;1;3;3;1
C1150PC27.tif;C1150;PC27;;P;C;2;87;1;3;1;3;1;3;3;1;2;3
C1150PC28.tif;C1150;PC28;;P;C;2;88;1;3;1;3;2;3;1;3;1;3
C1150PC29.tif;C1150;PC29;;P;C;2;89;1;3;3;2;3;1;3;1;2;3
C1150PC30.tif;C1150;PC30;;P;C;2;90;3;1;2;3;3;1;1;3;1;3
C1150PS01.tif;C1150;PS01;;P;S;2;91;1;3;1;3;1;3;1;3;1;3
C1150PS02.tif;C1150;PS02;;P;S;2;92;3;1;1;3;2;3;1;3;1;3
C1150PS03.tif;C1150;PS03;;P;S;2;93;3;1;3;2;3;1;3;1;1;3
C1150PS04.tif;C1150;PS04;;P;S;2;94;1;3;3;2;3;2;3;1;3;1
C1150PS05.tif;C1150;PS05;;P;S;2;95;3;1;3;1;3;1;3;1;3;1
C1150PS06.tif;C1150;PS06;;P;S;2;96;1;3;3;1;3;1;1;3;3;1
C1150PS07.tif;C1150;PS07;;P;S;2;97;1;3;1;3;1;3;1;3;1;3
C1150PS08.tif;C1150;PS08;;P;S;2;98;1;3;1;3;1;3;1;3;1;3
C1150PS09.tif;C1150;PS09;;P;S;2;99;3;1;1;3;3;1;3;1;3;1
C1150PS10.tif;C1150;PS10;;P;S;2;100;3;1;3;1;3;1;3;2;3;1
C1150PS11.tif;C1150;PS11;;P;S;2;101;1;3;3;1;1;3;1;3;1;3
C1150PS12.tif;C1150;PS12;;P;S;2;102;1;3;2;3;1;3;1;3;3;1
C1150PS13.tif;C1150;PS13;;P;S;2;103;1;3;1;3;1;3;1;3;3;1
C1150PS14.tif;C1150;PS14;;P;S;2;104;1;3;1;3;1;3;1;3;3;2
C1150PS15.tif;C1150;PS15;;P;S;2;105;3;1;3;1;3;1;3;1;1;3
C1150PS16.tif;C1150;PS16;;P;S;2;106;3;1;3;1;3;1;3;1;3;1
C1150PS17.tif;C1150;PS17;;P;S;2;107;3;2;2;3;3;1;3;1;3;2
C1150PS18.tif;C1150;PS18;;P;S;2;108;3;1;2;3;1;3;3;1;2;3
C1150PS19.tif;C1150;PS19;;P;S;2;109;3;1;3;1;3;1;1;3;1;3
C1150PS20.tif;C1150;PS20;;P;S;2;110;3;1;1;3;1;3;1;3;1;3
C1150PS21.tif;C1150;PS21;;P;S;2;111;3;1;3;1;3;1;3;1;3;1
C1150PS22.tif;C1150;PS22;;P;S;2;112;1;3;2;3;3;1;3;1;3;2
C1150PS23.tif;C1150;PS23;;P;S;2;113;3;1;3;1;1;3;1;3;1;3
C1150PS24.tif;C1150;PS24;;P;S;2;114;2;3;3;1;3;1;3;1;3;1
C1150PS25.tif;C1150;PS25;;P;S;2;115;1;3;1;3;1;3;1;3;1;3
C1150PS26.tif;C1150;PS26;;P;S;2;116;3;1;1;3;2;3;1;3;1;3
C1150PS27.tif;C1150;PS27;;P;S;2;117;1;3;3;1;3;1;3;1;3;1
C1150PS28.tif;C1150;PS28;;P;S;2;118;3;1;3;1;3;1;3;1;3;1
C1150PS29.tif;C1150;PS29;;P;S;2;119;3;2;3;1;3;1;3;1;3;1
C1150PS30.tif;C1150;PS30;;P;S;2;120;1;3;1;3;1;3;2;3;1;3
C3240IC01.tif;C3240;IC01;;I;C;3;1;1;3;1;3;3;1;3;2;1;3
C3240IC02.tif;C3240;IC02;;I;C;3;2;2;3;1;3;3;1;3;1;1;3
C3240IC03.tif;C3240;IC03;;I;C;3;3;3;1;3;2;1;3;3;1;3;1
C3240IC04.tif;C3240;IC04;;I;C;3;4;3;1;3;1;3;1;3;1;3;2
C3240IC05.tif;C3240;IC05;;I;C;3;5;1;3;1;3;1;3;1;3;2;3
C3240IC06.tif;C3240;IC06;;I;C;3;6;3;1;2;3;3;1;3;1;3;1
C3240IC07.tif;C3240;IC07;;I;C;3;7;1;3;1;3;1;3;1;3;3;1
C3240IC08.tif;C3240;IC08;;I;C;3;8;3;1;3;1;3;2;3;1;3;1
C3240IC09.tif;C3240;IC09;;I;C;3;9;3;1;3;1;3;2;1;3;3;1
C3240IC10.tif;C3240;IC10;;I;C;3;10;3;1;3;1;3;2;3;1;2;3
C3240IC11.tif;C3240;IC11;;I;C;3;11;3;2;3;2;3;1;3;1;2;3
C3240IC12.tif;C3240;IC12;;I;C;3;12;3;1;1;3;1;3;1;3;2;3
C3240IC13.tif;C3240;IC13;;I;C;3;13;1;3;1;3;1;3;1;3;3;1
C3240IC14.tif;C3240;IC14;;I;C;3;14;1;3;1;3;1;3;1;3;3;1
C3240IC15.tif;C3240;IC15;;I;C;3;15;3;1;3;1;3;1;3;1;1;3
C3240IC16.tif;C3240;IC16;;I;C;3;16;3;1;1;3;3;1;3;1;2;3
C3240IC17.tif;C3240;IC17;;I;C;3;17;1;3;3;2;3;1;2;3;3;1
C3240IC18.tif;C3240;IC18;;I;C;3;18;3;1;3;2;3;1;1;3;1;3
C3240IC19.tif;C3240;IC19;;I;C;3;19;3;1;3;1;3;1;3;1;3;1
C3240IC20.tif;C3240;IC20;;I;C;3;20;3;2;3;1;1;3;1;3;1;3
C3240IC21.tif;C3240;IC21;;I;C;3;21;2;3;1;3;1;3;3;1;3;1
C3240IC22.tif;C3240;IC22;;I;C;3;22;1;3;1;3;1;3;3;1;1;3
C3240IC23.tif;C3240;IC23;;I;C;3;23;3;1;3;1;3;2;3;1;2;3
C3240IC24.tif;C3240;IC24;;I;C;3;24;3;1;3;2;3;1;3;1;3;1
C3240IC25.tif;C3240;IC25;;I;C;3;25;1;3;3;2;1;3;1;3;1;3
C3240IC26.tif;C3240;IC26;;I;C;3;26;3;1;3;1;3;1;3;1;3;1
C3240IC27.tif;C3240;IC27;;I;C;3;27;3;1;3;1;3;1;2;3;3;1
C3240IC28.tif;C3240;IC28;;I;C;3;28;3;1;1;3;1;3;1;3;1;3
C3240IC29.tif;C3240;IC29;;I;C;3;29;3;1;1;3;1;3;1;3;1;3
C3240IC30.tif;C3240;IC30;;I;C;3;30;1;3;3;1;1;3;2;3;3;2
C3240IS01.tif;C3240;IS01;;I;S;3;31;1;3;1;3;1;3;1;3;1;3
C3240IS02.tif;C3240;IS02;;I;S;3;32;1;3;2;3;3;1;3;2;1;3
C3240IS03.tif;C3240;IS03;;I;S;3;33;3;1;1;3;3;1;3;1;1;3
C3240IS04.tif;C3240;IS04;;I;S;3;34;3;1;3;1;1;3;2;3;2;3
C3240IS05.tif;C3240;IS05;;I;S;3;35;1;3;1;3;1;3;1;3;1;3
C3240IS06.tif;C3240;IS06;;I;S;3;36;1;3;2;3;1;3;3;1;1;3
C3240IS07.tif;C3240;IS07;;I;S;3;37;3;2;2;3;3;1;3;1;3;1
C3240IS08.tif;C3240;IS08;;I;S;3;38;1;3;1;3;1;3;1;3;3;2
C3240IS09.tif;C3240;IS09;;I;S;3;39;3;2;3;1;3;1;3;1;3;2
C3240IS10.tif;C3240;IS10;;I;S;3;40;3;1;3;2;3;1;1;3;3;1
C3240IS11.tif;C3240;IS11;;I;S;3;41;1;3;1;3;1;3;1;3;1;3
C3240IS12.tif;C3240;IS12;;I;S;3;42;1;3;1;3;1;3;1;3;3;2
C3240IS13.tif;C3240;IS13;;I;S;3;43;1;3;1;3;1;3;1;3;3;1
C3240IS14.tif;C3240;IS14;;I;S;3;44;3;1;3;1;2;3;3;1;3;1
C3240IS15.tif;C3240;IS15;;I;S;3;45;3;1;3;1;3;1;1;3;1;3
C3240IS16.tif;C3240;IS16;;I;S;3;46;3;2;3;1;3;2;3;1;3;2
C3240IS17.tif;C3240;IS17;;I;S;3;47;1;3;3;1;1;3;1;3;1;3
C3240IS18.tif;C3240;IS18;;I;S;3;48;3;1;2;3;1;3;3;1;2;3
C3240IS19.tif;C3240;IS19;;I;S;3;49;3;1;3;2;3;1;3;1;2;3
C3240IS20.tif;C3240;IS20;;I;S;3;50;3;1;3;2;3;1;3;1;3;1
C3240IS21.tif;C3240;IS21;;I;S;3;51;3;1;3;1;1;3;2;3;1;3
C3240IS22.tif;C3240;IS22;;I;S;3;52;1;3;1;3;3;1;3;1;3;1
C3240IS23.tif;C3240;IS23;;I;S;3;53;3;1;3;1;3;1;3;2;3;2
C3240IS24.tif;C3240;IS24;;I;S;3;54;1;3;1;3;1;3;1;3;1;3
C3240IS25.tif;C3240;IS25;;I;S;3;55;1;3;3;1;3;1;1;3;2;3
C3240IS26.tif;C3240;IS26;;I;S;3;56;3;1;1;3;1;3;1;3;1;3
C3240IS27.tif;C3240;IS27;;I;S;3;57;1;3;3;1;1;3;3;1;2;3
C3240IS28.tif;C3240;IS28;;I;S;3;58;3;1;2;3;3;1;2;3;3;1
C3240IS29.tif;C3240;IS29;;I;S;3;59;3;1;3;2;3;1;3;1;3;1
C3240IS30.tif;C3240;IS30;;I;S;3;60;3;2;3;1;3;1;1;3;3;2
C3240PC01.tif;C3240;PC01;;P;C;3;61;1;3;1;3;2;3;1;3;1;3
C3240PC02.tif;C3240;PC02;;P;C;3;62;1;3;1;3;1;3;1;3;1;3
C3240PC03.tif;C3240;PC03;;P;C;3;63;1;3;3;1;3;2;2;3;1;3
C3240PC04.tif;C3240;PC04;;P;C;3;64;3;1;1;3;3;1;3;1;1;3
C3240PC05.tif;C3240;PC05;;P;C;3;65;1;3;3;1;3;1;3;1;1;3
C3240PC06.tif;C3240;PC06;;P;C;3;66;1;3;1;3;2;3;1;3;1;3
C3240PC07.tif;C3240;PC07;;P;C;3;67;1;3;3;1;1;3;3;1;3;1
C3240PC08.tif;C3240;PC08;;P;C;3;68;3;1;1;3;2;3;3;2;1;3
C3240PC09.tif;C3240;PC09;;P;C;3;69;1;3;1;3;1;3;1;3;1;3
C3240PC10.tif;C3240;PC10;;P;C;3;70;2;3;3;1;1;3;3;2;1;3
C3240PC11.tif;C3240;PC11;;P;C;3;71;1;3;3;1;3;1;3;1;2;3
C3240PC12.tif;C3240;PC12;;P;C;3;72;3;2;1;3;1;3;1;3;1;3
C3240PC13.tif;C3240;PC13;;P;C;3;73;3;1;2;3;3;1;2;3;3;1
C3240PC14.tif;C3240;PC14;;P;C;3;74;3;1;2;3;3;1;3;1;3;2
C3240PC15.tif;C3240;PC15;;P;C;3;75;3;2;3;1;3;1;3;2;2;3
C3240PC16.tif;C3240;PC16;;P;C;3;76;3;2;1;3;3;2;3;1;1;3
C3240PC17.tif;C3240;PC17;;P;C;3;77;3;1;2;3;1;3;1;3;2;3
C3240PC18.tif;C3240;PC18;;P;C;3;78;3;1;2;3;3;1;1;3;3;1
C3240PC19.tif;C3240;PC19;;P;C;3;79;1;3;1;3;1;3;1;3;1;3
C3240PC20.tif;C3240;PC20;;P;C;3;80;1;3;1;3;2;3;3;1;3;2
C3240PC21.tif;C3240;PC21;;P;C;3;81;1;3;3;1;3;1;3;2;3;1
C3240PC22.tif;C3240;PC22;;P;C;3;82;1;3;3;1;1;3;3;2;2;3
C3240PC23.tif;C3240;PC23;;P;C;3;83;3;1;3;1;3;2;1;3;1;3
C3240PC24.tif;C3240;PC24;;P;C;3;84;3;2;3;1;3;1;3;1;3;2
C3240PC25.tif;C3240;PC25;;P;C;3;85;3;1;1;3;1;3;1;3;1;3
C3240PC26.tif;C3240;PC26;;P;C;3;86;3;1;3;1;3;1;2;3;3;1
C3240PC27.tif;C3240;PC27;;P;C;3;87;3;2;3;1;3;2;3;1;3;1
C3240PC28.tif;C3240;PC28;;P;C;3;88;1;3;2;3;1;3;1;3;3;1
C3240PC29.tif;C3240;PC29;;P;C;3;89;2;3;3;2;3;1;3;1;3;1
C3240PC30.tif;C3240;PC30;;P;C;3;90;1;3;1;3;1;3;1;3;3;1
C3240PS01.tif;C3240;PS01;;P;S;3;91;1;3;1;3;1;3;1;3;1;3
C3240PS02.tif;C3240;PS02;;P;S;3;92;3;1;3;1;3;1;3;1;3;1
C3240PS03.tif;C3240;PS03;;P;S;3;93;3;2;3;1;1;3;3;2;1;3
C3240PS04.tif;C3240;PS04;;P;S;3;94;1;3;1;3;1;3;3;1;1;3
C3240PS05.tif;C3240;PS05;;P;S;3;95;3;1;3;1;2;3;3;1;3;2
C3240PS06.tif;C3240;PS06;;P;S;3;96;3;1;3;1;1;3;3;1;2;3
C3240PS07.tif;C3240;PS07;;P;S;3;97;3;1;3;1;2;3;3;1;3;1
C3240PS08.tif;C3240;PS08;;P;S;3;98;1;3;3;1;1;3;1;3;1;3
C3240PS09.tif;C3240;PS09;;P;S;3;99;1;3;1;3;1;3;1;3;3;1
C3240PS10.tif;C3240;PS10;;P;S;3;100;3;1;3;1;3;1;3;1;3;1
C3240PS11.tif;C3240;PS11;;P;S;3;101;1;3;1;3;1;3;1;3;2;3
C3240PS12.tif;C3240;PS12;;P;S;3;102;1;3;1;3;2;3;1;3;3;1
C3240PS13.tif;C3240;PS13;;P;S;3;103;3;1;2;3;3;1;2;3;3;1
C3240PS14.tif;C3240;PS14;;P;S;3;104;1;3;1;3;1;3;3;1;1;3
C3240PS15.tif;C3240;PS15;;P;S;3;105;3;1;2;3;1;3;3;1;3;2
C3240PS16.tif;C3240;PS16;;P;S;3;106;3;1;3;1;3;1;1;3;1;3
C3240PS17.tif;C3240;PS17;;P;S;3;107;3;1;3;1;3;1;3;1;3;1
C3240PS18.tif;C3240;PS18;;P;S;3;108;3;1;3;1;1;3;3;1;2;3
C3240PS19.tif;C3240;PS19;;P;S;3;109;1;3;1;3;3;1;3;2;2;3
C3240PS20.tif;C3240;PS20;;P;S;3;110;1;3;1;3;2;3;1;3;1;3
C3240PS21.tif;C3240;PS21;;P;S;3;111;3;1;3;2;3;1;3;1;3;1
C3240PS22.tif;C3240;PS22;;P;S;3;112;3;1;3;1;1;3;1;3;1;3
C3240PS23.tif;C3240;PS23;;P;S;3;113;1;3;1;3;2;3;1;3;1;3
C3240PS24.tif;C3240;PS24;;P;S;3;114;3;1;3;1;3;1;2;3;3;1
C3240PS25.tif;C3240;PS25;;P;S;3;115;3;1;3;1;3;2;3;1;3;1
C3240PS26.tif;C3240;PS26;;P;S;3;116;1;3;3;1;3;1;3;2;3;1
C3240PS27.tif;C3240;PS27;;P;S;3;117;3;1;1;3;2;3;3;1;3;1
C3240PS28.tif;C3240;PS28;;P;S;3;118;1;3;3;1;3;1;3;1;3;1
C3240PS29.tif;C3240;PS29;;P;S;3;119;3;1;3;1;3;2;3;2;3;1
C3240PS30.tif;C3240;PS30;;P;S;3;120;1;3;1;3;1;3;3;1;1;3
C4370IC01.tif;C4370;IC01;;I;C;4;1;1;3;1;3;3;1;3;1;1;3
C4370IC02.tif;C4370;IC02;;I;C;4;2;3;1;3;1;1;3;3;1;3;1
C4370IC03.tif;C4370;IC03;;I;C;4;3;1;3;1;3;1;3;2;3;1;3
C4370IC04.tif;C4370;IC04;;I;C;4;4;1;3;2;3;2;3;3;1;1;3
C4370IC05.tif;C4370;IC05;;I;C;4;5;1;3;1;3;1;3;1;3;1;3
C4370IC06.tif;C4370;IC06;;I;C;4;6;1;3;3;2;3;1;3;1;1;3
C4370IC07.tif;C4370;IC07;;I;C;4;7;3;1;1;3;3;1;2;3;1;3
C4370IC08.tif;C4370;IC08;;I;C;4;8;3;1;3;1;1;3;3;1;3;1
C4370IC09.tif;C4370;IC09;;I;C;4;9;3;1;3;1;3;1;3;2;3;1
C4370IC10.tif;C4370;IC10;;I;C;4;10;3;1;3;2;3;2;3;1;1;3
C4370IC11.tif;C4370;IC11;;I;C;4;11;3;2;1;3;1;3;1;3;1;3
C4370IC12.tif;C4370;IC12;;I;C;4;12;1;3;3;1;1;3;3;1;2;3
C4370IC13.tif;C4370;IC13;;I;C;4;13;3;2;3;1;3;1;3;2;2;3
C4370IC14.tif;C4370;IC14;;I;C;4;14;2;3;3;1;3;1;1;3;3;2
C4370IC15.tif;C4370;IC15;;I;C;4;15;1;3;1;3;1;3;1;3;1;3
C4370IC16.tif;C4370;IC16;;I;C;4;16;3;1;2;3;3;1;3;1;3;1
C4370IC17.tif;C4370;IC17;;I;C;4;17;1;3;3;1;3;1;3;1;3;1
C4370IC18.tif;C4370;IC18;;I;C;4;18;3;1;3;1;1;3;1;3;2;3
C4370IC19.tif;C4370;IC19;;I;C;4;19;1;3;1;3;1;3;3;2;3;1
C4370IC20.tif;C4370;IC20;;I;C;4;20;3;1;3;1;3;1;2;3;3;1
C4370IC21.tif;C4370;IC21;;I;C;4;21;3;1;3;1;3;2;3;1;1;3
C4370IC22.tif;C4370;IC22;;I;C;4;22;3;2;2;3;3;1;3;1;3;1
C4370IC23.tif;C4370;IC23;;I;C;4;23;3;1;3;1;3;2;3;1;3;1
C4370IC24.tif;C4370;IC24;;I;C;4;24;3;1;3;1;3;1;1;3;1;3
C4370IC25.tif;C4370;IC25;;I;C;4;25;3;1;3;1;3;1;2;3;3;1
C4370IC26.tif;C4370;IC26;;I;C;4;26;1;3;1;3;1;3;1;3;1;3
C4370IC27.tif;C4370;IC27;;I;C;4;27;1;3;1;3;1;3;1;3;3;1
C4370IC28.tif;C4370;IC28;;I;C;4;28;1;3;1;3;1;3;1;3;3;2
C4370IC29.tif;C4370;IC29;;I;C;4;29;1;3;1;3;1;3;1;3;3;1
C4370IC30.tif;C4370;IC30;;I;C;4;30;3;1;3;2;3;1;3;1;2;3
C4370IS01.tif;C4370;IS01;;I;S;4;31;2;3;3;1;3;1;2;3;3;1
C4370IS02.tif;C4370;IS02;;I;S;4;32;1;3;1;3;1;3;1;3;1;3
C4370IS03.tif;C4370;IS03;;I;S;4;33;1;3;1;3;1;3;1;3;1;3
C4370IS04.tif;C4370;IS04;;I;S;4;34;3;1;3;1;3;1;1;3;3;1
C4370IS05.tif;C4370;IS05;;I;S;4;35;3;2;3;1;1;3;2;3;3;2
C4370IS06.tif;C4370;IS06;;I;S;4;36;2;3;1;3;1;3;1;3;1;3
C4370IS07.tif;C4370;IS07;;I;S;4;37;1;3;1;3;2;3;1;3;1;3
C4370IS08.tif;C4370;IS08;;I;S;4;38;3;1;1;3;1;3;2;3;3;1
C4370IS09.tif;C4370;IS09;;I;S;4;39;3;1;3;1;3;1;3;1;3;1
C4370IS10.tif;C4370;IS10;;I;S;4;40;1;3;1;3;1;3;1;3;3;2
C4370IS11.tif;C4370;IS11;;I;S;4;41;1;3;3;2;3;2;2;3;1;3
C4370IS12.tif;C4370;IS12;;I;S;4;42;1;3;1;3;1;3;3;1;2;3
C4370IS13.tif;C4370;IS13;;I;S;4;43;1;3;1;3;1;3;1;3;1;3
C4370IS14.tif;C4370;IS14;;I;S;4;44;3;1;3;1;3;1;2;3;3;1
C4370IS15.tif;C4370;IS15;;I;S;4;45;3;1;3;1;3;1;1;3;1;3
C4370IS16.tif;C4370;IS16;;I;S;4;46;2;3;3;1;3;1;3;1;3;1
C4370IS17.tif;C4370;IS17;;I;S;4;47;3;1;3;1;3;2;2;3;3;2
C4370IS18.tif;C4370;IS18;;I;S;4;48;1;3;3;1;3;2;3;1;3;2
C4370IS19.tif;C4370;IS19;;I;S;4;49;3;1;3;2;3;1;3;1;3;2
C4370IS20.tif;C4370;IS20;;I;S;4;50;1;3;1;3;3;2;3;1;3;1
C4370IS21.tif;C4370;IS21;;I;S;4;51;3;1;3;1;1;3;1;3;1;3
C4370IS22.tif;C4370;IS22;;I;S;4;52;3;2;3;1;2;3;3;1;3;1
C4370IS23.tif;C4370;IS23;;I;S;4;53;3;1;3;2;3;1;3;1;3;1
C4370IS24.tif;C4370;IS24;;I;S;4;54;3;1;2;3;3;1;3;2;3;2
C4370IS25.tif;C4370;IS25;;I;S;4;55;3;1;3;1;3;1;2;3;3;1
C4370IS26.tif;C4370;IS26;;I;S;4;56;2;3;1;3;1;3;1;3;1;3
C4370IS27.tif;C4370;IS27;;I;S;4;57;1;3;3;1;3;2;1;3;3;1
C4370IS28.tif;C4370;IS28;;I;S;4;58;2;3;1;3;2;3;1;3;1;3
C4370IS29.tif;C4370;IS29;;I;S;4;59;3;2;3;1;3;1;2;3;1;3
C4370IS30.tif;C4370;IS30;;I;S;4;60;3;1;3;2;3;1;3;1;2;3
C4370PC01.tif;C4370;PC01;;P;C;4;61;3;2;3;1;1;3;3;1;3;2
C4370PC02.tif;C4370;PC02;;P;C;4;62;3;1;1;3;3;1;3;1;1;3
C4370PC03.tif;C4370;PC03;;P;C;4;63;1;3;3;1;3;2;3;1;1;3
C4370PC04.tif;C4370;PC04;;P;C;4;64;1;3;1;3;2;3;3;1;1;3
C4370PC05.tif;C4370;PC05;;P;C;4;65;1;3;1;3;2;3;1;3;1;3
C4370PC06.tif;C4370;PC06;;P;C;4;66;3;1;3;1;3;1;2;3;3;2
C4370PC07.tif;C4370;PC07;;P;C;4;67;3;1;1;3;3;2;2;3;3;1
C4370PC08.tif;C4370;PC08;;P;C;4;68;3;1;3;2;2;3;3;1;3;1
C4370PC09.tif;C4370;PC09;;P;C;4;69;2;3;3;2;1;3;1;3;1;3
C4370PC10.tif;C4370;PC10;;P;C;4;70;3;1;3;1;1;3;2;3;1;3
C4370PC11.tif;C4370;PC11;;P;C;4;71;1;3;1;3;1;3;1;3;1;3
C4370PC12.tif;C4370;PC12;;P;C;4;72;2;3;3;1;3;1;3;1;3;1
C4370PC13.tif;C4370;PC13;;P;C;4;73;1;3;1;3;1;3;1;3;3;1
C4370PC14.tif;C4370;PC14;;P;C;4;74;1;3;1;3;1;3;1;3;3;2
C4370PC15.tif;C4370;PC15;;P;C;4;75;3;1;3;1;3;1;3;1;3;1
C4370PC16.tif;C4370;PC16;;P;C;4;76;3;1;3;1;3;1;1;3;3;1
C4370PC17.tif;C4370;PC17;;P;C;4;77;1;3;1;3;1;3;2;3;1;3
C4370PC18.tif;C4370;PC18;;P;C;4;78;1;3;1;3;1;3;3;1;1;3
C4370PC19.tif;C4370;PC19;;P;C;4;79;3;2;1;3;3;1;2;3;3;2
C4370PC20.tif;C4370;PC20;;P;C;4;80;3;1;2;3;3;1;3;1;3;1
C4370PC21.tif;C4370;PC21;;P;C;4;81;2;3;3;1;3;2;1;3;1;3
C4370PC22.tif;C4370;PC22;;P;C;4;82;1;3;1;3;1;3;2;3;1;3
C4370PC23.tif;C4370;PC23;;P;C;4;83;3;1;3;1;3;2;2;3;2;3
C4370PC24.tif;C4370;PC24;;P;C;4;84;2;3;3;1;1;3;3;1;2;3
C4370PC25.tif;C4370;PC25;;P;C;4;85;1;3;1;3;1;3;2;3;3;1
C4370PC26.tif;C4370;PC26;;P;C;4;86;1;3;1;3;1;3;1;3;3;1
C4370PC27.tif;C4370;PC27;;P;C;4;87;1;3;2;3;1;3;1;3;2;3
C4370PC28.tif;C4370;PC28;;P;C;4;88;1;3;1;3;1;3;1;3;1;3
C4370PC29.tif;C4370;PC29;;P;C;4;89;3;1;3;1;1;3;3;1;1;3
C4370PC30.tif;C4370;PC30;;P;C;4;90;2;3;3;1;3;1;1;3;1;3
C4370PS01.tif;C4370;PS01;;P;S;4;91;3;1;2;3;3;1;2;3;3;1
C4370PS02.tif;C4370;PS02;;P;S;4;92;3;1;3;1;3;1;3;1;3;1
C4370PS03.tif;C4370;PS03;;P;S;4;93;3;1;3;1;1;3;1;3;3;1
C4370PS04.tif;C4370;PS04;;P;S;4;94;1;3;1;3;1;3;1;3;1;3
C4370PS05.tif;C4370;PS05;;P;S;4;95;1;3;2;3;3;1;3;2;3;1
C4370PS06.tif;C4370;PS06;;P;S;4;96;3;2;3;2;1;3;1;3;1;3
C4370PS07.tif;C4370;PS07;;P;S;4;97;3;1;3;1;3;1;3;1;3;1
C4370PS08.tif;C4370;PS08;;P;S;4;98;3;1;2;3;3;2;3;1;3;1
C4370PS09.tif;C4370;PS09;;P;S;4;99;1;3;1;3;1;3;1;3;1;3
C4370PS10.tif;C4370;PS10;;P;S;4;100;3;1;3;2;3;1;3;1;3;1
C4370PS11.tif;C4370;PS11;;P;S;4;101;3;1;3;1;3;1;3;2;3;2
C4370PS12.tif;C4370;PS12;;P;S;4;102;1;3;3;1;3;1;3;1;3;1
C4370PS13.tif;C4370;PS13;;P;S;4;103;3;1;1;3;1;3;1;3;1;3
C4370PS14.tif;C4370;PS14;;P;S;4;104;1;3;1;3;1;3;1;3;1;3
C4370PS15.tif;C4370;PS15;;P;S;4;105;3;1;3;1;3;1;3;1;3;1
C4370PS16.tif;C4370;PS16;;P;S;4;106;3;1;3;1;1;3;2;3;3;1
C4370PS17.tif;C4370;PS17;;P;S;4;107;3;1;1;3;3;1;3;1;1;3
C4370PS18.tif;C4370;PS18;;P;S;4;108;1;3;3;1;1;3;3;1;1;3
C4370PS19.tif;C4370;PS19;;P;S;4;109;3;1;3;1;3;1;3;1;3;1
C4370PS20.tif;C4370;PS20;;P;S;4;110;1;3;3;1;2;3;3;1;1;3
C4370PS21.tif;C4370;PS21;;P;S;4;111;1;3;1;3;1;3;1;3;1;3
C4370PS22.tif;C4370;PS22;;P;S;4;112;3;2;3;1;1;3;3;1;2;3
C4370PS23.tif;C4370;PS23;;P;S;4;113;3;1;1;3;2;3;3;1;1;3
C4370PS24.tif;C4370;PS24;;P;S;4;114;1;3;1;3;1;3;1;3;1;3
C4370PS25.tif;C4370;PS25;;P;S;4;115;2;3;3;1;3;2;3;1;3;1
C4370PS26.tif;C4370;PS26;;P;S;4;116;1;3;3;1;3;1;3;1;3;2
C4370PS27.tif;C4370;PS27;;P;S;4;117;2;3;2;3;1;3;3;1;1;3
C4370PS28.tif;C4370;PS28;;P;S;4;118;3;1;3;1;3;1;2;3;3;1
C4370PS29.tif;C4370;PS29;;P;S;4;119;3;1;3;1;3;1;3;1;3;1
C4370PS30.tif;C4370;PS30;;P;S;4;120;3;1;2;3;3;1;3;1;3;1
H1518IC01.tif;H1518;IC01;;I;C;5;1;3;1;1;3;1;3;2;3;1;3
H1518IC02.tif;H1518;IC02;;I;C;5;2;3;2;3;1;1;3;1;3;1;3
H1518IC03.tif;H1518;IC03;;I;C;5;3;3;1;3;1;3;2;2;3;3;1
H1518IC04.tif;H1518;IC04;;I;C;5;4;1;3;1;3;1;3;1;3;1;3
H1518IC05.tif;H1518;IC05;;I;C;5;5;1;3;1;3;2;3;3;2;3;1
H1518IC06.tif;H1518;IC06;;I;C;5;6;3;1;3;1;2;3;3;1;1;3
H1518IC07.tif;H1518;IC07;;I;C;5;7;3;2;3;1;3;1;3;1;3;1
H1518IC08.tif;H1518;IC08;;I;C;5;8;3;2;3;1;3;1;1;3;1;3
H1518IC09.tif;H1518;IC09;;I;C;5;9;3;1;2;3;3;2;3;1;3;1
H1518IC10.tif;H1518;IC10;;I;C;5;10;1;3;1;3;1;3;3;1;1;3
H1518IC11.tif;H1518;IC11;;I;C;5;11;1;3;1;3;1;3;1;3;1;3
H1518IC12.tif;H1518;IC12;;I;C;5;12;1;3;2;3;1;3;1;3;3;1
H1518IC13.tif;H1518;IC13;;I;C;5;13;3;1;2;3;1;3;1;3;2;3
H1518IC14.tif;H1518;IC14;;I;C;5;14;3;1;3;1;3;1;3;1;3;1
H1518IC15.tif;H1518;IC15;;I;C;5;15;1;3;1;3;1;3;2;3;3;1
H1518IC16.tif;H1518;IC16;;I;C;5;16;1;3;1;3;2;3;1;3;1;3
H1518IC17.tif;H1518;IC17;;I;C;5;17;1;3;1;3;3;2;3;1;3;1
H1518IC18.tif;H1518;IC18;;I;C;5;18;3;1;3;1;3;1;2;3;3;1
H1518IC19.tif;H1518;IC19;;I;C;5;19;1;3;1;3;1;3;1;3;1;3
H1518IC20.tif;H1518;IC20;;I;C;5;20;3;1;1;3;1;3;1;3;1;3
H1518IC21.tif;H1518;IC21;;I;C;5;21;2;3;3;1;3;1;3;1;3;2
H1518IC22.tif;H1518;IC22;;I;C;5;22;3;1;3;2;3;1;3;1;3;1
H1518IC23.tif;H1518;IC23;;I;C;5;23;1;3;1;3;1;3;1;3;1;3
H1518IC24.tif;H1518;IC24;;I;C;5;24;1;3;1;3;1;3;1;3;3;1
H1518IC25.tif;H1518;IC25;;I;C;5;25;2;3;3;1;3;1;3;1;3;1
H1518IC26.tif;H1518;IC26;;I;C;5;26;1;3;3;2;3;1;3;1;2;3
H1518IC27.tif;H1518;IC27;;I;C;5;27;1;3;1;3;1;3;1;3;3;1
H1518IC28.tif;H1518;IC28;;I;C;5;28;3;1;3;1;3;1;3;1;1;3
H1518IC29.tif;H1518;IC29;;I;C;5;29;3;2;1;3;1;3;1;3;1;3
H1518IC30.tif;H1518;IC30;;I;C;5;30;3;1;3;1;3;1;3;1;3;1
H1518IS01.tif;H1518;IS01;;I;S;5;31;2;3;3;1;3;1;1;3;1;3
H1518IS02.tif;H1518;IS02;;I;S;5;32;3;2;1;3;2;3;3;1;3;1
H1518IS03.tif;H1518;IS03;;I;S;5;33;2;3;3;1;3;1;2;3;3;1
H1518IS04.tif;H1518;IS04;;I;S;5;34;1;3;1;3;1;3;3;1;3;2
H1518IS05.tif;H1518;IS05;;I;S;5;35;1;3;1;3;1;3;1;3;1;3
H1518IS06.tif;H1518;IS06;;I;S;5;36;3;1;3;1;1;3;2;3;2;3
H1518IS07.tif;H1518;IS07;;I;S;5;37;3;1;3;1;1;3;1;3;1;3
H1518IS08.tif;H1518;IS08;;I;S;5;38;3;2;1;3;3;1;3;1;3;1
H1518IS09.tif;H1518;IS09;;I;S;5;39;3;1;3;1;3;1;3;1;3;1
H1518IS10.tif;H1518;IS10;;I;S;5;40;3;1;3;2;3;1;3;1;1;3
H1518IS11.tif;H1518;IS11;;I;S;5;41;2;3;2;3;3;1;3;1;3;1
H1518IS12.tif;H1518;IS12;;I;S;5;42;2;3;1;3;1;3;1;3;1;3
H1518IS13.tif;H1518;IS13;;I;S;5;43;1;3;3;2;3;1;3;1;3;1
H1518IS14.tif;H1518;IS14;;I;S;5;44;3;1;3;1;3;1;3;1;2;3
H1518IS15.tif;H1518;IS15;;I;S;5;45;1;3;1;3;1;3;1;3;1;3
H1518IS16.tif;H1518;IS16;;I;S;5;46;2;3;1;3;3;1;1;3;1;3
H1518IS17.tif;H1518;IS17;;I;S;5;47;3;1;3;2;1;3;3;1;2;3
H1518IS18.tif;H1518;IS18;;I;S;5;48;1;3;1;3;1;3;3;1;1;3
H1518IS19.tif;H1518;IS19;;I;S;5;49;1;3;1;3;3;1;3;1;1;3
H1518IS20.tif;H1518;IS20;;I;S;5;50;3;1;1;3;3;1;3;2;1;3
H1518IS21.tif;H1518;IS21;;I;S;5;51;1;3;3;1;3;1;3;1;1;3
H1518IS22.tif;H1518;IS22;;I;S;5;52;1;3;1;3;1;3;1;3;1;3
H1518IS23.tif;H1518;IS23;;I;S;5;53;3;1;3;1;3;1;3;1;3;1
H1518IS24.tif;H1518;IS24;;I;S;5;54;3;2;3;1;3;1;3;1;3;2
H1518IS25.tif;H1518;IS25;;I;S;5;55;3;1;2;3;3;1;3;1;3;1
H1518IS26.tif;H1518;IS26;;I;S;5;56;2;3;3;1;3;1;3;1;1;3
H1518IS27.tif;H1518;IS27;;I;S;5;57;1;3;3;2;3;1;3;2;3;1
H1518IS28.tif;H1518;IS28;;I;S;5;58;3;1;2;3;3;1;3;1;3;1
H1518IS29.tif;H1518;IS29;;I;S;5;59;3;1;3;1;2;3;3;2;3;1
H1518IS30.tif;H1518;IS30;;I;S;5;60;1;3;1;3;2;3;1;3;1;3
H1518PC01.tif;H1518;PC01;;P;C;5;61;3;1;3;1;3;1;3;1;3;1
H1518PC02.tif;H1518;PC02;;P;C;5;62;1;3;1;3;2;3;3;1;3;1
H1518PC03.tif;H1518;PC03;;P;C;5;63;3;1;3;1;1;3;1;3;1;3
H1518PC04.tif;H1518;PC04;;P;C;5;64;3;1;1;3;1;3;1;3;1;3
H1518PC05.tif;H1518;PC05;;P;C;5;65;2;3;3;2;3;1;3;1;3;2
H1518PC06.tif;H1518;PC06;;P;C;5;66;3;1;3;1;3;1;3;1;1;3
H1518PC07.tif;H1518;PC07;;P;C;5;67;3;1;2;3;3;1;2;3;2;3
H1518PC08.tif;H1518;PC08;;P;C;5;68;3;1;3;1;3;1;3;1;2;3
H1518PC09.tif;H1518;PC09;;P;C;5;69;3;1;3;1;3;1;1;3;1;3
H1518PC10.tif;H1518;PC10;;P;C;5;70;3;1;3;1;3;2;1;3;3;2
H1518PC11.tif;H1518;PC11;;P;C;5;71;1;3;1;3;1;3;1;3;3;1
H1518PC12.tif;H1518;PC12;;P;C;5;72;1;3;1;3;1;3;1;3;2;3
H1518PC13.tif;H1518;PC13;;P;C;5;73;1;3;1;3;1;3;1;3;1;3
H1518PC14.tif;H1518;PC14;;P;C;5;74;3;2;3;1;1;3;3;2;3;1
H1518PC15.tif;H1518;PC15;;P;C;5;75;3;1;2;3;3;1;3;1;3;1
H1518PC16.tif;H1518;PC16;;P;C;5;76;1;3;1;3;1;3;1;3;3;2
H1518PC17.tif;H1518;PC17;;P;C;5;77;3;1;3;2;3;2;2;3;3;1
H1518PC18.tif;H1518;PC18;;P;C;5;78;1;3;1;3;2;3;1;3;1;3
H1518PC19.tif;H1518;PC19;;P;C;5;79;1;3;1;3;1;3;1;3;1;3
H1518PC20.tif;H1518;PC20;;P;C;5;80;3;1;3;1;1;3;3;1;3;2
H1518PC21.tif;H1518;PC21;;P;C;5;81;3;1;1;3;3;1;2;3;1;3
H1518PC22.tif;H1518;PC22;;P;C;5;82;1;3;3;1;3;1;3;1;1;3
H1518PC23.tif;H1518;PC23;;P;C;5;83;1;3;1;3;1;3;1;3;1;3
H1518PC24.tif;H1518;PC24;;P;C;5;84;1;3;3;2;1;3;3;1;3;2
H1518PC25.tif;H1518;PC25;;P;C;5;85;3;1;1;3;2;3;1;3;1;3
H1518PC26.tif;H1518;PC26;;P;C;5;86;1;3;1;3;1;3;1;3;1;3
H1518PC27.tif;H1518;PC27;;P;C;5;87;3;1;3;2;3;1;3;1;3;1
H1518PC28.tif;H1518;PC28;;P;C;5;88;3;1;3;2;3;1;3;1;3;1
H1518PC29.tif;H1518;PC29;;P;C;5;89;1;3;1;3;1;3;3;1;1;3
H1518PC30.tif;H1518;PC30;;P;C;5;90;3;1;3;1;3;1;2;3;3;2
H1518PS01.tif;H1518;PS01;;P;S;5;91;2;3;3;1;3;1;3;2;3;1
H1518PS02.tif;H1518;PS02;;P;S;5;92;1;3;1;3;1;3;1;3;1;3
H1518PS03.tif;H1518;PS03;;P;S;5;93;1;3;1;3;2;3;3;1;3;1
H1518PS04.tif;H1518;PS04;;P;S;5;94;3;1;2;3;1;3;1;3;1;3
H1518PS05.tif;H1518;PS05;;P;S;5;95;3;1;3;1;2;3;3;1;3;1
H1518PS06.tif;H1518;PS06;;P;S;5;96;3;2;3;1;3;2;1;3;1;3
H1518PS07.tif;H1518;PS07;;P;S;5;97;2;3;3;1;3;1;3;2;3;1
H1518PS08.tif;H1518;PS08;;P;S;5;98;3;2;3;1;3;1;3;2;3;1
H1518PS09.tif;H1518;PS09;;P;S;5;99;2;3;3;1;1;3;3;1;2;3
H1518PS10.tif;H1518;PS10;;P;S;5;100;2;3;1;3;1;3;1;3;3;2
H1518PS11.tif;H1518;PS11;;P;S;5;101;1;3;1;3;2;3;1;3;3;1
H1518PS12.tif;H1518;PS12;;P;S;5;102;1;3;1;3;1;3;2;3;1;3
H1518PS13.tif;H1518;PS13;;P;S;5;103;3;1;3;2;3;1;3;1;3;1
H1518PS14.tif;H1518;PS14;;P;S;5;104;1;3;1;3;1;3;1;3;1;3
H1518PS15.tif;H1518;PS15;;P;S;5;105;2;3;3;1;3;2;2;3;3;1
H1518PS16.tif;H1518;PS16;;P;S;5;106;3;1;3;1;3;2;3;1;2;3
H1518PS17.tif;H1518;PS17;;P;S;5;107;2;3;1;3;1;3;1;3;3;2
H1518PS18.tif;H1518;PS18;;P;S;5;108;3;1;1;3;1;3;1;3;3;1
H1518PS19.tif;H1518;PS19;;P;S;5;109;1;3;1;3;2;3;1;3;1;3
H1518PS20.tif;H1518;PS20;;P;S;5;110;3;2;3;1;3;1;3;2;3;1
H1518PS21.tif;H1518;PS21;;P;S;5;111;2;3;2;3;1;3;3;1;3;1
H1518PS22.tif;H1518;PS22;;P;S;5;112;3;1;1;3;3;1;3;1;1;3
H1518PS23.tif;H1518;PS23;;P;S;5;113;1;3;3;2;3;1;3;1;1;3
H1518PS24.tif;H1518;PS24;;P;S;5;114;3;1;1;3;1;3;1;3;1;3
H1518PS25.tif;H1518;PS25;;P;S;5;115;3;1;2;3;3;1;3;2;3;1
H1518PS26.tif;H1518;PS26;;P;S;5;116;3;2;3;1;3;1;1;3;3;2
H1518PS27.tif;H1518;PS27;;P;S;5;117;1;3;3;1;3;1;3;1;3;2
H1518PS28.tif;H1518;PS28;;P;S;5;118;3;1;3;2;3;1;3;1;3;2
H1518PS29.tif;H1518;PS29;;P;S;5;119;1;3;1;3;1;3;1;3;1;3
H1518PS30.tif;H1518;PS30;;P;S;5;120;1;3;1;3;2;3;3;1;3;1
H225AIC01.tif;H225A;IC01;;I;C;6;1;1;3;3;1;1;3;1;3;1;3
H225AIC02.tif;H225A;IC02;;I;C;6;2;3;2;3;1;1;3;2;3;3;1
H225AIC03.tif;H225A;IC03;;I;C;6;3;3;2;3;1;3;1;3;1;3;1
H225AIC04.tif;H225A;IC04;;I;C;6;4;1;3;1;3;1;3;1;3;1;3
H225AIC05.tif;H225A;IC05;;I;C;6;5;3;1;3;1;3;1;1;3;1;3
H225AIC06.tif;H225A;IC06;;I;C;6;6;3;1;3;1;3;1;3;2;3;1
H225AIC07.tif;H225A;IC07;;I;C;6;7;3;1;3;1;3;1;3;1;3;2
H225AIC08.tif;H225A;IC08;;I;C;6;8;3;1;1;3;3;1;3;2;3;1
H225AIC09.tif;H225A;IC09;;I;C;6;9;1;3;1;3;1;3;1;3;1;3
H225AIC10.tif;H225A;IC10;;I;C;6;10;1;3;1;3;1;3;1;3;3;2
H225AIC11.tif;H225A;IC11;;I;C;6;11;2;3;3;1;3;1;3;2;3;2
H225AIC12.tif;H225A;IC12;;I;C;6;12;1;3;1;3;1;3;1;3;3;1
H225AIC13.tif;H225A;IC13;;I;C;6;13;3;1;1;3;1;3;1;3;1;3
H225AIC14.tif;H225A;IC14;;I;C;6;14;3;1;3;2;3;1;3;1;2;3
H225AIC15.tif;H225A;IC15;;I;C;6;15;3;1;3;1;2;3;3;2;3;1
H225AIC16.tif;H225A;IC16;;I;C;6;16;1;3;2;3;1;3;1;3;1;3
H225AIC17.tif;H225A;IC17;;I;C;6;17;1;3;1;3;1;3;1;3;1;3
H225AIC18.tif;H225A;IC18;;I;C;6;18;3;2;3;1;3;1;3;2;3;1
H225AIC19.tif;H225A;IC19;;I;C;6;19;3;1;3;2;3;2;3;1;3;1
H225AIC20.tif;H225A;IC20;;I;C;6;20;3;1;3;1;3;2;3;1;3;1
H225AIC21.tif;H225A;IC21;;I;C;6;21;3;1;3;1;3;2;1;3;2;3
H225AIC22.tif;H225A;IC22;;I;C;6;22;1;3;1;3;1;3;1;3;1;3
H225AIC23.tif;H225A;IC23;;I;C;6;23;1;3;1;3;2;3;3;1;1;3
H225AIC24.tif;H225A;IC24;;I;C;6;24;3;2;3;1;2;3;3;1;3;2
H225AIC25.tif;H225A;IC25;;I;C;6;25;2;3;3;1;3;1;3;1;2;3
H225AIC26.tif;H225A;IC26;;I;C;6;26;1;3;1;3;1;3;1;3;1;3
H225AIC27.tif;H225A;IC27;;I;C;6;27;1;3;2;3;1;3;1;3;3;1
H225AIC28.tif;H225A;IC28;;I;C;6;28;1;3;1;3;1;3;1;3;3;1
H225AIC29.tif;H225A;IC29;;I;C;6;29;1;3;1;3;1;3;1;3;3;2
H225AIC30.tif;H225A;IC30;;I;C;6;30;3;1;1;3;1;3;1;3;1;3
H225AIS01.tif;H225A;IS01;;I;S;6;31;3;2;3;1;3;2;3;1;2;3
H225AIS02.tif;H225A;IS02;;I;S;6;32;2;3;3;1;3;2;3;1;3;1
H225AIS03.tif;H225A;IS03;;I;S;6;33;3;1;3;2;3;1;2;3;3;1
H225AIS04.tif;H225A;IS04;;I;S;6;34;3;2;1;3;3;1;1;3;1;3
H225AIS05.tif;H225A;IS05;;I;S;6;35;1;3;1;3;1;3;1;3;1;3
H225AIS06.tif;H225A;IS06;;I;S;6;36;2;3;3;1;3;1;3;2;3;1
H225AIS07.tif;H225A;IS07;;I;S;6;37;3;1;3;1;2;3;3;1;3;1
H225AIS08.tif;H225A;IS08;;I;S;6;38;2;3;3;2;1;3;1;3;1;3
H225AIS09.tif;H225A;IS09;;I;S;6;39;1;3;1;3;3;2;3;1;2;3
H225AIS10.tif;H225A;IS10;;I;S;6;40;1;3;1;3;1;3;1;3;1;3
H225AIS11.tif;H225A;IS11;;I;S;6;41;3;2;1;3;1;3;1;3;1;3
H225AIS12.tif;H225A;IS12;;I;S;6;42;1;3;3;1;3;1;3;1;3;1
H225AIS13.tif;H225A;IS13;;I;S;6;43;3;2;3;1;3;2;3;1;3;1
H225AIS14.tif;H225A;IS14;;I;S;6;44;3;1;3;2;1;3;2;3;3;1
H225AIS15.tif;H225A;IS15;;I;S;6;45;3;1;1;3;1;3;1;3;1;3
H225AIS16.tif;H225A;IS16;;I;S;6;46;1;3;3;2;3;1;3;1;1;3
H225AIS17.tif;H225A;IS17;;I;S;6;47;3;1;1;3;3;1;3;1;1;3
H225AIS18.tif;H225A;IS18;;I;S;6;48;3;1;3;1;1;3;3;1;2;3
H225AIS19.tif;H225A;IS19;;I;S;6;49;3;1;3;1;3;1;3;1;3;1
H225AIS20.tif;H225A;IS20;;I;S;6;50;1;3;1;3;1;3;1;3;1;3
H225AIS21.tif;H225A;IS21;;I;S;6;51;3;1;3;2;3;1;3;1;3;2
H225AIS22.tif;H225A;IS22;;I;S;6;52;1;3;1;3;1;3;1;3;2;3
H225AIS23.tif;H225A;IS23;;I;S;6;53;3;1;3;1;3;1;3;1;3;2
H225AIS24.tif;H225A;IS24;;I;S;6;54;3;1;3;1;2;3;3;1;3;1
H225AIS25.tif;H225A;IS25;;I;S;6;55;1;3;1;3;1;3;1;3;1;3
H225AIS26.tif;H225A;IS26;;I;S;6;56;3;1;3;2;3;2;3;1;3;1
H225AIS27.tif;H225A;IS27;;I;S;6;57;2;3;3;1;3;1;3;1;3;1
H225AIS29.tif;H225A;IS29;;I;S;6;59;1;3;1;3;1;3;1;3;3;1
H225AIS30.tif;H225A;IS30;;I;S;6;60;1;3;1;3;1;3;1;3;2;3
H225APC01.tif;H225A;PC01;;P;C;6;61;3;1;2;3;1;3;3;1;2;3
H225APC02.tif;H225A;PC02;;P;C;6;62;3;1;2;3;3;2;3;1;3;1
H225APC03.tif;H225A;PC03;;P;C;6;63;3;2;3;1;3;2;3;1;3;1
H225APC04.tif;H225A;PC04;;P;C;6;64;3;1;3;1;3;1;1;3;1;3
H225APC05.tif;H225A;PC05;;P;C;6;65;3;1;3;2;3;1;3;1;3;1
H225APC06.tif;H225A;PC06;;P;C;6;66;3;2;3;1;1;3;1;3;1;3
H225APC07.tif;H225A;PC07;;P;C;6;67;1;3;1;3;3;1;3;1;3;1
H225APC08.tif;H225A;PC08;;P;C;6;68;1;3;1;3;1;3;1;3;1;3
H225APC09.tif;H225A;PC09;;P;C;6;69;3;1;3;1;3;1;2;3;2;3
H225APC10.tif;H225A;PC10;;P;C;6;70;3;1;3;1;3;1;3;1;1;3
H225APC11.tif;H225A;PC11;;P;C;6;71;1;3;1;3;1;3;1;3;1;3
H225APC12.tif;H225A;PC12;;P;C;6;72;2;3;3;1;3;2;1;3;3;1
H225APC13.tif;H225A;PC13;;P;C;6;73;2;3;3;1;3;1;3;2;3;2
H225APC14.tif;H225A;PC14;;P;C;6;74;1;3;1;3;1;3;1;3;1;3
H225APC15.tif;H225A;PC15;;P;C;6;75;3;1;1;3;1;3;1;3;1;3
H225APC16.tif;H225A;PC16;;P;C;6;76;1;3;1;3;3;1;2;3;3;1
H225APC17.tif;H225A;PC17;;P;C;6;77;1;3;1;3;1;3;2;3;1;3
H225APC18.tif;H225A;PC18;;P;C;6;78;1;3;2;3;3;1;3;1;1;3
H225APC19.tif;H225A;PC19;;P;C;6;79;3;2;1;3;3;1;3;1;1;3
H225APC20.tif;H225A;PC20;;P;C;6;80;3;1;3;2;1;3;2;3;2;3
H225APC21.tif;H225A;PC21;;P;C;6;81;1;3;1;3;1;3;3;2;1;3
H225APC22.tif;H225A;PC22;;P;C;6;82;1;3;1;3;1;3;3;1;1;3
H225APC23.tif;H225A;PC23;;P;C;6;83;3;1;3;1;3;1;2;3;2;3
H225APC24.tif;H225A;PC24;;P;C;6;84;1;3;1;3;1;3;1;3;3;1
H225APC25.tif;H225A;PC25;;P;C;6;85;2;3;3;1;3;1;3;1;3;1
H225APC26.tif;H225A;PC26;;P;C;6;86;3;1;3;1;1;3;3;1;3;1
H225APC27.tif;H225A;PC27;;P;C;6;87;1;3;1;3;1;3;1;3;1;3
H225APC28.tif;H225A;PC28;;P;C;6;88;1;3;1;3;1;3;1;3;2;3
H225APC29.tif;H225A;PC29;;P;C;6;89;1;3;1;3;1;3;1;3;3;1
H225APC30.tif;H225A;PC30;;P;C;6;90;3;1;3;2;3;1;3;1;3;1
H225APS01.tif;H225A;PS01;;P;S;6;91;3;1;2;3;3;1;1;3;1;3
H225APS02.tif;H225A;PS02;;P;S;6;92;3;1;3;2;2;3;3;1;3;2
H225APS03.tif;H225A;PS03;;P;S;6;93;2;3;1;3;1;3;1;3;1;3
H225APS04.tif;H225A;PS04;;P;S;6;94;3;1;2;3;3;2;3;1;3;1
H225APS05.tif;H225A;PS05;;P;S;6;95;3;1;2;3;3;1;3;1;3;1
H225APS06.tif;H225A;PS06;;P;S;6;96;3;2;3;1;3;1;1;3;2;3
H225APS07.tif;H225A;PS07;;P;S;6;97;3;2;2;3;1;3;1;3;1;3
H225APS08.tif;H225A;PS08;;P;S;6;98;1;3;1;3;3;1;3;1;3;1
H225APS09.tif;H225A;PS09;;P;S;6;99;3;1;3;1;3;1;3;2;2;3
H225APS10.tif;H225A;PS10;;P;S;6;100;1;3;1;3;1;3;1;3;1;3
H225APS11.tif;H225A;PS11;;P;S;6;101;3;1;3;1;3;2;3;1;3;1
H225APS12.tif;H225A;PS12;;P;S;6;102;3;1;2;3;2;3;1;3;1;3
H225APS13.tif;H225A;PS13;;P;S;6;103;1;3;3;1;3;2;3;2;3;1
H225APS14.tif;H225A;PS14;;P;S;6;104;3;2;2;3;3;1;1;3;3;2
H225APS15.tif;H225A;PS15;;P;S;6;105;2;3;3;2;3;1;3;2;3;1
H225APS16.tif;H225A;PS16;;P;S;6;106;2;3;1;3;3;2;1;3;3;1
H225APS17.tif;H225A;PS17;;P;S;6;107;1;3;1;3;1;3;1;3;1;3
H225APS18.tif;H225A;PS18;;P;S;6;108;1;3;1;3;1;3;1;3;1;3
H225APS19.tif;H225A;PS19;;P;S;6;109;1;3;3;1;3;1;3;1;1;3
H225APS20.tif;H225A;PS20;;P;S;6;110;2;3;1;3;3;1;3;1;1;3
H225APS21.tif;H225A;PS21;;P;S;6;111;1;3;3;1;3;1;3;1;1;3
H225APS22.tif;H225A;PS22;;P;S;6;112;1;3;1;3;2;3;1;3;1;3
H225APS23.tif;H225A;PS23;;P;S;6;113;2;3;3;1;1;3;2;3;3;1
H225APS24.tif;H225A;PS24;;P;S;6;114;3;2;1;3;2;3;3;1;1;3
H225APS25.tif;H225A;PS25;;P;S;6;115;1;3;1;3;1;3;1;3;1;3
H225APS26.tif;H225A;PS26;;P;S;6;116;3;1;3;1;3;1;3;2;3;1
H225APS27.tif;H225A;PS27;;P;S;6;117;1;3;3;1;3;1;3;2;3;2
H225APS28.tif;H225A;PS28;;P;S;6;118;2;3;1;3;1;3;1;3;1;3
H225APS29.tif;H225A;PS29;;P;S;6;119;3;1;3;1;3;1;3;1;3;1
H225APS30.tif;H225A;PS30;;P;S;6;120;2;3;3;1;3;1;3;1;3;2
H225BIC01.tif;H225B;IC01;;I;C;7;1;3;2;2;3;3;1;3;1;3;1
H225BIC02.tif;H225B;IC02;;I;C;7;2;1;3;1;3;1;3;1;3;1;3
H225BIC03.tif;H225B;IC03;;I;C;7;3;3;2;3;1;1;3;1;3;1;3
H225BIC04.tif;H225B;IC04;;I;C;7;4;3;1;3;2;3;2;3;1;3;1
H225BIC05.tif;H225B;IC05;;I;C;7;5;1;3;1;3;3;1;1;3;1;3
H225BIC06.tif;H225B;IC06;;I;C;7;6;1;3;1;3;3;1;2;3;3;1
H225BIC07.tif;H225B;IC07;;I;C;7;7;1;3;3;2;3;2;3;1;2;3
H225BIC08.tif;H225B;IC08;;I;C;7;8;3;1;3;1;2;3;3;1;3;1
H225BIC09.tif;H225B;IC09;;I;C;7;9;2;3;3;2;3;1;1;3;1;3
H225BIC10.tif;H225B;IC10;;I;C;7;10;3;1;3;1;3;2;3;2;3;1
H225BIC11.tif;H225B;IC11;;I;C;7;11;1;3;1;3;1;3;1;3;1;3
H225BIC12.tif;H225B;IC12;;I;C;7;12;3;1;1;3;3;1;1;3;3;1
H225BIC19.tif;H225B;IC19;;I;C;7;19;1;3;1;3;1;3;1;3;3;1
H225BIC20.tif;H225B;IC20;;I;C;7;20;1;3;1;3;1;3;1;3;3;1
H225BIC21.tif;H225B;IC21;;I;C;7;21;3;1;3;1;3;1;3;1;3;1
H225BIC22.tif;H225B;IC22;;I;C;7;22;3;2;3;2;3;1;3;1;3;2
H225BIC23.tif;H225B;IC23;;I;C;7;23;1;3;1;3;2;3;1;3;1;3
H225BIC24.tif;H225B;IC24;;I;C;7;24;3;1;3;1;3;2;3;1;3;1
H225BIC25.tif;H225B;IC25;;I;C;7;25;3;1;3;1;3;1;3;1;1;3
H225BIC26.tif;H225B;IC26;;I;C;7;26;1;3;1;3;1;3;1;3;1;3
H225BIC27.tif;H225B;IC27;;I;C;7;27;3;1;3;1;2;3;1;3;1;3
H225BIC28.tif;H225B;IC28;;I;C;7;28;3;1;3;1;3;1;3;1;1;3
H225BIC29.tif;H225B;IC29;;I;C;7;29;3;2;2;3;1;3;3;1;3;1
H225BIC30.tif;H225B;IC30;;I;C;7;30;1;3;1;3;2;3;1;3;1;3
H225BIS01.tif;H225B;IS01;;I;S;7;31;1;3;1;3;1;3;1;3;3;1
H225BIS02.tif;H225B;IS02;;I;S;7;32;2;3;3;1;3;1;3;1;3;1
H225BIS03.tif;H225B;IS03;;I;S;7;33;1;3;1;3;1;3;1;3;3;2
H225BIS04.tif;H225B;IS04;;I;S;7;34;1;3;1;3;1;3;1;3;2;3
H225BIS05.tif;H225B;IS05;;I;S;7;35;3;1;2;3;3;1;3;1;3;1
H225BIS06.tif;H225B;IS06;;I;S;7;36;1;3;2;3;1;3;1;3;1;3
H225BIS08.tif;H225B;IS08;;I;S;7;38;3;2;3;1;3;2;3;2;3;1
H225BIS09.tif;H225B;IS09;;I;S;7;39;3;1;2;3;3;1;1;3;1;3
H225BIS10.tif;H225B;IS10;;I;S;7;40;3;1;3;2;2;3;3;1;3;1
H225BIS11.tif;H225B;IS11;;I;S;7;41;3;1;3;1;3;2;3;1;3;1
H225BIS12.tif;H225B;IS12;;I;S;7;42;1;3;1;3;3;1;1;3;3;2
H225BIS13.tif;H225B;IS13;;I;S;7;43;1;3;1;3;1;3;1;3;1;3
H225BIS14.tif;H225B;IS14;;I;S;7;44;2;3;3;2;3;1;3;1;3;1
H225BIS15.tif;H225B;IS15;;I;S;7;45;2;3;2;3;1;3;1;3;1;3
H225BIS16.tif;H225B;IS16;;I;S;7;46;3;1;3;2;1;3;3;1;3;1
H225BIS17.tif;H225B;IS17;;I;S;7;47;3;1;3;1;3;1;3;1;3;1
H225BIS18.tif;H225B;IS18;;I;S;7;48;3;1;3;1;1;3;3;2;3;1
H225BIS19.tif;H225B;IS19;;I;S;7;49;3;1;3;1;3;1;3;2;3;1
H225BIS20.tif;H225B;IS20;;I;S;7;50;2;3;1;3;1;3;3;1;1;3
H225BIS21.tif;H225B;IS21;;I;S;7;51;1;3;2;3;3;2;3;1;3;1
H225BIS22.tif;H225B;IS22;;I;S;7;52;3;1;3;1;3;1;3;2;2;3
H225BIS23.tif;H225B;IS23;;I;S;7;53;1;3;1;3;1;3;1;3;1;3
H225BIS24.tif;H225B;IS24;;I;S;7;54;3;1;1;3;3;1;3;2;1;3
H225BIS25.tif;H225B;IS25;;I;S;7;55;2;3;2;3;1;3;3;1;3;1
H225BIS26.tif;H225B;IS26;;I;S;7;56;1;3;1;3;1;3;1;3;1;3
H225BIS27.tif;H225B;IS27;;I;S;7;57;2;3;3;1;3;1;3;1;3;1
H225BIS28.tif;H225B;IS28;;I;S;7;58;1;3;1;3;1;3;1;3;1;3
H225BIS29.tif;H225B;IS29;;I;S;7;59;1;3;3;1;3;2;3;1;1;3
H225BIS30.tif;H225B;IS30;;I;S;7;60;3;1;1;3;3;2;3;1;1;3
H225BPC01.tif;H225B;PC01;;P;C;7;61;3;1;3;1;1;3;3;2;3;1
H225BPC02.tif;H225B;PC02;;P;C;7;62;3;1;3;2;3;1;3;2;3;1
H225BPC03.tif;H225B;PC03;;P;C;7;63;1;3;1;3;1;3;3;1;1;3
H225BPC04.tif;H225B;PC04;;P;C;7;64;3;1;1;3;1;3;1;3;1;3
H225BPC05.tif;H225B;PC05;;P;C;7;65;1;3;3;1;3;1;3;1;3;1
H225BPC06.tif;H225B;PC06;;P;C;7;66;3;1;3;1;3;1;3;1;2;3
H225BPC07.tif;H225B;PC07;;P;C;7;67;2;3;2;3;3;1;3;1;3;1
H225BPC08.tif;H225B;PC08;;P;C;7;68;1;3;1;3;1;3;1;3;1;3
H225BPC09.tif;H225B;PC09;;P;C;7;69;3;1;3;2;3;1;3;1;3;1
H225BPC10.tif;H225B;PC10;;P;C;7;70;2;3;3;1;3;1;3;1;3;1
H225BPC11.tif;H225B;PC11;;P;C;7;71;3;1;3;1;1;3;1;3;1;3
H225BPC12.tif;H225B;PC12;;P;C;7;72;1;3;1;3;3;2;1;3;3;2
H225BPC13.tif;H225B;PC13;;P;C;7;73;1;3;1;3;1;3;1;3;1;3
H225BPC14.tif;H225B;PC14;;P;C;7;74;1;3;3;1;3;1;3;1;3;2
H225BPC15.tif;H225B;PC15;;P;C;7;75;2;3;3;1;3;1;3;1;2;3
H225BPC16.tif;H225B;PC16;;P;C;7;76;2;3;1;3;3;1;3;1;3;1
H225BPC17.tif;H225B;PC17;;P;C;7;77;3;1;3;1;3;1;1;3;1;3
H225BPC19.tif;H225B;PC19;;P;C;7;79;2;3;3;1;3;1;2;3;3;1
H225BPC20.tif;H225B;PC20;;P;C;7;80;1;3;1;3;1;3;1;3;1;3
H225BPC21.tif;H225B;PC21;;P;C;7;81;1;3;3;1;3;1;2;3;3;1
H225BPC22.tif;H225B;PC22;;P;C;7;82;1;3;1;3;1;3;1;3;3;2
H225BPC23.tif;H225B;PC23;;P;C;7;83;1;3;2;3;1;3;1;3;3;1
H225BPC24.tif;H225B;PC24;;P;C;7;84;2;3;1;3;3;1;3;1;1;3
H225BPC25.tif;H225B;PC25;;P;C;7;85;3;1;3;2;3;1;3;1;3;2
H225BPC26.tif;H225B;PC26;;P;C;7;86;1;3;1;3;1;3;1;3;1;3
H225BPC27.tif;H225B;PC27;;P;C;7;87;1;3;2;3;1;3;1;3;1;3
H225BPC28.tif;H225B;PC28;;P;C;7;88;3;2;3;1;2;3;3;1;3;1
H225BPC29.tif;H225B;PC29;;P;C;7;89;3;1;3;2;3;1;3;1;3;1
H225BPS01.tif;H225B;PS01;;P;S;7;91;1;3;2;3;1;3;1;3;1;3
H225BPS02.tif;H225B;PS02;;P;S;7;92;1;3;1;3;1;3;1;3;1;3
H225BPS03.tif;H225B;PS03;;P;S;7;93;3;1;3;1;3;1;3;1;2;3
H225BPS04.tif;H225B;PS04;;P;S;7;94;3;1;3;2;1;3;3;1;2;3
H225BPS05.tif;H225B;PS05;;P;S;7;95;1;3;2;3;1;3;1;3;3;1
H225BPS06.tif;H225B;PS06;;P;S;7;96;1;3;1;3;1;3;1;3;2;3
H225BPS07.tif;H225B;PS07;;P;S;7;97;1;3;2;3;1;3;1;3;3;2
H225BPS09.tif;H225B;PS09;;P;S;7;99;1;3;1;3;1;3;1;3;1;3
H225BPS10.tif;H225B;PS10;;P;S;7;100;3;2;3;1;3;1;1;3;1;3
H225BPS11.tif;H225B;PS11;;P;S;7;101;3;1;3;1;3;1;1;3;1;3
H225BPS12.tif;H225B;PS12;;P;S;7;102;3;1;3;1;3;1;3;1;2;3
H225BPS13.tif;H225B;PS13;;P;S;7;103;3;1;3;2;3;1;3;1;3;1
H225BPS14.tif;H225B;PS14;;P;S;7;104;3;1;3;1;3;1;3;1;3;2
H225BPS15.tif;H225B;PS15;;P;S;7;105;1;3;1;3;1;3;1;3;1;3
H225BPS16.tif;H225B;PS16;;P;S;7;106;1;3;1;3;3;1;2;3;3;1
H225BPS17.tif;H225B;PS17;;P;S;7;107;3;1;3;1;1;3;1;3;1;3
H225BPS18.tif;H225B;PS18;;P;S;7;108;2;3;3;1;3;1;2;3;3;1
H225BPS19.tif;H225B;PS19;;P;S;7;109;3;1;3;1;3;2;3;2;3;1
H225BPS20.tif;H225B;PS20;;P;S;7;110;1;3;1;3;2;3;1;3;1;3
H225BPS21.tif;H225B;PS21;;P;S;7;111;3;1;3;2;3;1;3;1;2;3
H225BPS22.tif;H225B;PS22;;P;S;7;112;3;1;3;2;3;2;3;1;3;1
H225BPS23.tif;H225B;PS23;;P;S;7;113;1;3;3;2;3;1;3;1;2;3
H225BPS24.tif;H225B;PS24;;P;S;7;114;3;2;3;1;3;1;3;1;3;1
H225BPS25.tif;H225B;PS25;;P;S;7;115;1;3;1;3;1;3;2;3;1;3
H225BPS26.tif;H225B;PS26;;P;S;7;116;3;1;3;1;3;1;1;3;3;2
H225BPS27.tif;H225B;PS27;;P;S;7;117;2;3;3;1;1;3;1;3;2;3
H225BPS28.tif;H225B;PS28;;P;S;7;118;3;1;1;3;2;3;3;1;1;3
H225BPS29.tif;H225B;PS29;;P;S;7;119;1;3;3;1;3;1;3;2;1;3
H225BPS30.tif;H225B;PS30;;P;S;7;120;3;1;3;1;3;2;3;1;3;1
LE260IC01.tif;LE260;IC01;;I;C;8;1;1;3;1;3;1;3;1;3;1;3
LE260IC02.tif;LE260;IC02;;I;C;8;2;2;3;3;1;3;1;3;2;2;3
LE260IC03.tif;LE260;IC03;;I;C;8;3;3;1;3;1;3;1;1;3;3;2
LE260IC04.tif;LE260;IC04;;I;C;8;4;3;1;3;2;2;3;3;1;3;1
LE260IC05.tif;LE260;IC05;;I;C;8;5;3;1;2;3;3;1;1;3;2;3
LE260IC06.tif;LE260;IC06;;I;C;8;6;3;1;3;1;1;3;2;3;2;3
LE260IC07.tif;LE260;IC07;;I;C;8;7;1;3;1;3;1;3;1;3;1;3
LE260IC08.tif;LE260;IC08;;I;C;8;8;1;3;1;3;1;3;1;3;3;1
LE260IC09.tif;LE260;IC09;;I;C;8;9;1;3;1;3;1;3;1;3;3;1
LE260IC10.tif;LE260;IC10;;I;C;8;10;1;3;1;3;1;3;1;3;3;1
LE260IC11.tif;LE260;IC11;;I;C;8;11;3;2;2;3;3;1;3;1;3;2
LE260IC12.tif;LE260;IC12;;I;C;8;12;3;1;3;1;3;2;1;3;3;1
LE260IC13.tif;LE260;IC13;;I;C;8;13;1;3;1;3;3;2;1;3;1;3
LE260IC14.tif;LE260;IC14;;I;C;8;14;1;3;1;3;1;3;1;3;1;3
LE260IC15.tif;LE260;IC15;;I;C;8;15;2;3;3;1;3;1;3;1;3;1
LE260IC16.tif;LE260;IC16;;I;C;8;16;3;1;3;1;3;1;3;1;3;1
LE260IC17.tif;LE260;IC17;;I;C;8;17;1;3;1;3;1;3;3;1;1;3
LE260IC18.tif;LE260;IC18;;I;C;8;18;1;3;1;3;1;3;1;3;1;3
LE260IC20.tif;LE260;IC20;;I;C;8;20;2;3;3;1;3;2;3;2;3;1
LE260IC21.tif;LE260;IC21;;I;C;8;21;1;3;3;1;1;3;3;2;2;3
LE260IC22.tif;LE260;IC22;;I;C;8;22;1;3;1;3;1;3;1;3;3;1
LE260IC23.tif;LE260;IC23;;I;C;8;23;1;3;1;3;2;3;1;3;3;1
LE260IC24.tif;LE260;IC24;;I;C;8;24;1;3;1;3;2;3;1;3;3;2
LE260IC25.tif;LE260;IC25;;I;C;8;25;1;3;1;3;1;3;1;3;1;3
LE260IC26.tif;LE260;IC26;;I;C;8;26;1;3;3;2;3;1;3;1;3;2
LE260IC27.tif;LE260;IC27;;I;C;8;27;3;1;3;1;3;2;1;3;1;3
LE260IC28.tif;LE260;IC28;;I;C;8;28;3;2;3;1;3;1;1;3;3;2
LE260IC29.tif;LE260;IC29;;I;C;8;29;3;1;3;1;3;1;3;1;3;2
LE260IC30.tif;LE260;IC30;;I;C;8;30;3;2;3;1;3;1;1;3;2;3
LE260IS01.tif;LE260;IS01;;I;S;8;31;1;3;1;3;1;3;3;1;1;3
LE260IS02.tif;LE260;IS02;;I;S;8;32;1;3;1;3;3;1;3;2;3;1
LE260IS03.tif;LE260;IS03;;I;S;8;33;3;1;2;3;1;3;1;3;1;3
LE260IS04.tif;LE260;IS04;;I;S;8;34;3;1;3;1;3;1;1;3;3;1
LE260IS05.tif;LE260;IS05;;I;S;8;35;3;1;3;2;3;1;3;2;3;1
LE260IS06.tif;LE260;IS06;;I;S;8;36;1;3;1;3;1;3;1;3;1;3
LE260IS07.tif;LE260;IS07;;I;S;8;37;3;1;2;3;3;1;3;2;3;1
LE260IS08.tif;LE260;IS08;;I;S;8;38;3;2;1;3;3;1;3;2;3;1
LE260IS09.tif;LE260;IS09;;I;S;8;39;1;3;2;3;2;3;3;1;3;1
LE260IS10.tif;LE260;IS10;;I;S;8;40;3;1;1;3;1;3;1;3;1;3
LE260IS11.tif;LE260;IS11;;I;S;8;41;1;3;1;3;1;3;1;3;1;3
LE260IS12.tif;LE260;IS12;;I;S;8;42;3;2;3;1;3;1;3;1;3;2
LE260IS13.tif;LE260;IS13;;I;S;8;43;3;2;3;2;1;3;3;1;3;1
LE260IS14.tif;LE260;IS14;;I;S;8;44;3;1;1;3;3;1;3;1;1;3
LE260IS15.tif;LE260;IS15;;I;S;8;45;1;3;2;3;3;1;2;3;1;3
LE260IS16.tif;LE260;IS16;;I;S;8;46;1;3;1;3;1;3;1;3;1;3
LE260IS17.tif;LE260;IS17;;I;S;8;47;1;3;3;1;3;1;3;2;1;3
LE260IS18.tif;LE260;IS18;;I;S;8;48;1;3;1;3;3;1;3;1;1;3
LE260IS19.tif;LE260;IS19;;I;S;8;49;3;1;1;3;1;3;3;1;3;1
LE260IS20.tif;LE260;IS20;;I;S;8;50;3;1;1;3;3;1;3;1;1;3
LE260IS21.tif;LE260;IS21;;I;S;8;51;1;3;1;3;1;3;1;3;1;3
LE260IS22.tif;LE260;IS22;;I;S;8;52;3;1;3;1;3;1;3;1;3;1
LE260IS23.tif;LE260;IS23;;I;S;8;53;1;3;1;3;3;2;3;1;2;3
LE260IS24.tif;LE260;IS24;;I;S;8;54;3;1;1;3;1;3;1;3;1;3
LE260IS25.tif;LE260;IS25;;I;S;8;55;3;1;3;1;3;2;3;1;3;1
LE260IS26.tif;LE260;IS26;;I;S;8;56;2;3;1;3;2;3;3;1;2;3
LE260IS27.tif;LE260;IS27;;I;S;8;57;3;1;1;3;3;1;3;1;3;2
LE260IS28.tif;LE260;IS28;;I;S;8;58;1;3;1;3;1;3;1;3;1;3
LE260IS29.tif;LE260;IS29;;I;S;8;59;3;1;3;1;1;3;1;3;1;3
LE260IS30.tif;LE260;IS30;;I;S;8;60;1;3;1;3;1;3;1;3;1;3
LE260PC01.tif;LE260;PC01;;P;C;8;61;3;2;3;1;3;1;3;2;3;1
LE260PC02.tif;LE260;PC02;;P;C;8;62;1;3;1;3;3;1;3;2;3;1
LE260PC03.tif;LE260;PC03;;P;C;8;63;2;3;3;1;3;1;3;1;3;1
LE260PC04.tif;LE260;PC04;;P;C;8;64;3;2;3;1;3;1;3;1;3;1
LE260PC05.tif;LE260;PC05;;P;C;8;65;3;1;3;1;3;2;1;3;1;3
LE260PC06.tif;LE260;PC06;;P;C;8;66;3;1;3;1;3;1;3;1;3;1
LE260PC07.tif;LE260;PC07;;P;C;8;67;3;1;3;1;2;3;3;1;3;2
LE260PC08.tif;LE260;PC08;;P;C;8;68;1;3;1;3;1;3;1;3;2;3
LE260PC09.tif;LE260;PC09;;P;C;8;69;3;1;3;1;3;1;3;1;3;2
LE260PC10.tif;LE260;PC10;;P;C;8;70;1;3;1;3;1;3;1;3;3;1
LE260PC11.tif;LE260;PC11;;P;C;8;71;3;1;3;1;3;2;1;3;2;3
LE260PC12.tif;LE260;PC12;;P;C;8;72;1;3;1;3;1;3;1;3;3;1
LE260PC13.tif;LE260;PC13;;P;C;8;73;1;3;1;3;1;3;1;3;1;3
LE260PC14.tif;LE260;PC14;;P;C;8;74;2;3;1;3;2;3;2;3;3;1
LE260PC15.tif;LE260;PC15;;P;C;8;75;3;2;3;1;3;1;3;2;3;1
LE260PC16.tif;LE260;PC16;;P;C;8;76;3;1;1;3;3;1;3;2;2;3
LE260PC17.tif;LE260;PC17;;P;C;8;77;1;3;1;3;1;3;1;3;1;3
LE260PC18.tif;LE260;PC18;;P;C;8;78;3;1;3;1;3;1;3;1;1;3
LE260PC19.tif;LE260;PC19;;P;C;8;79;3;1;3;1;3;1;3;1;3;1
LE260PC20.tif;LE260;PC20;;P;C;8;80;1;3;1;3;1;3;1;3;1;3
LE260PC21.tif;LE260;PC21;;P;C;8;81;1;3;1;3;1;3;1;3;3;2
LE260PC22.tif;LE260;PC22;;P;C;8;82;3;1;3;1;3;1;2;3;3;1
LE260PC23.tif;LE260;PC23;;P;C;8;83;1;3;1;3;1;3;1;3;3;1
LE260PC24.tif;LE260;PC24;;P;C;8;84;3;1;3;2;3;2;3;1;3;1
LE260PC25.tif;LE260;PC25;;P;C;8;85;3;1;3;1;3;1;2;3;2;3
LE260PC26.tif;LE260;PC26;;P;C;8;86;1;3;2;3;2;3;1;3;1;3
LE260PC27.tif;LE260;PC27;;P;C;8;87;3;1;3;1;3;1;3;1;3;1
LE260PC28.tif;LE260;PC28;;P;C;8;88;3;1;3;2;3;1;1;3;1;3
LE260PC29.tif;LE260;PC29;;P;C;8;89;3;1;3;1;2;3;3;1;3;1
LE260PC30.tif;LE260;PC30;;P;C;8;90;3;1;3;1;3;1;3;2;3;1
LE260PS01.tif;LE260;PS01;;P;S;8;91;2;3;3;1;3;1;2;3;3;1
LE260PS02.tif;LE260;PS02;;P;S;8;92;1;3;1;3;2;3;1;3;1;3
LE260PS03.tif;LE260;PS03;;P;S;8;93;3;1;3;1;3;2;3;1;1;3
LE260PS04.tif;LE260;PS04;;P;S;8;94;3;1;2;3;1;3;1;3;1;3
LE260PS05.tif;LE260;PS05;;P;S;8;95;1;3;2;3;1;3;1;3;1;3
LE260PS06.tif;LE260;PS06;;P;S;8;96;3;1;3;1;3;1;1;3;3;1
LE260PS07.tif;LE260;PS07;;P;S;8;97;3;1;2;3;3;1;1;3;1;3
LE260PS08.tif;LE260;PS08;;P;S;8;98;2;3;3;1;3;1;3;2;3;2
LE260PS09.tif;LE260;PS09;;P;S;8;99;3;2;1;3;2;3;1;3;1;3
LE260PS10.tif;LE260;PS10;;P;S;8;100;1;3;3;1;3;1;3;2;3;1
LE260PS11.tif;LE260;PS11;;P;S;8;101;3;2;3;2;3;1;2;3;3;1
LE260PS12.tif;LE260;PS12;;P;S;8;102;3;1;3;1;3;1;3;1;3;1
LE260PS13.tif;LE260;PS13;;P;S;8;103;3;1;1;3;3;1;3;1;1;3
LE260PS14.tif;LE260;PS14;;P;S;8;104;3;1;2;3;1;3;3;1;3;2
LE260PS15.tif;LE260;PS15;;P;S;8;105;1;3;1;3;1;3;1;3;1;3
LE260PS16.tif;LE260;PS16;;P;S;8;106;1;3;3;1;3;1;3;2;1;3
LE260PS17.tif;LE260;PS17;;P;S;8;107;3;1;1;3;3;1;3;1;1;3
LE260PS18.tif;LE260;PS18;;P;S;8;108;1;3;3;1;3;1;3;2;1;3
LE260PS19.tif;LE260;PS19;;P;S;8;109;3;1;1;3;1;3;1;3;1;3
LE260PS20.tif;LE260;PS20;;P;S;8;110;3;1;3;2;3;2;3;1;3;1
LE260PS21.tif;LE260;PS21;;P;S;8;111;3;1;2;3;3;1;3;1;1;3
LE260PS22.tif;LE260;PS22;;P;S;8;112;3;1;3;1;1;3;3;1;2;3
LE260PS23.tif;LE260;PS23;;P;S;8;113;3;1;3;1;3;1;3;1;3;1
LE260PS24.tif;LE260;PS24;;P;S;8;114;1;3;2;3;2;3;3;1;3;1
LE260PS25.tif;LE260;PS25;;P;S;8;115;3;1;1;3;1;3;1;3;1;3
LE260PS26.tif;LE260;PS26;;P;S;8;116;3;2;3;2;3;1;1;3;2;3
LE260PS27.tif;LE260;PS27;;P;S;8;117;1;3;1;3;1;3;1;3;1;3
LE260PS28.tif;LE260;PS28;;P;S;8;118;3;2;3;1;3;1;2;3;3;1
LE260PS29.tif;LE260;PS29;;P;S;8;119;1;3;1;3;3;2;2;3;3;1
LE260PS30.tif;LE260;PS30;;P;S;8;120;3;1;3;1;1;3;1;3;2;3
OC330IC01.tif;OC330;IC01;;I;C;9;1;3;2;3;1;3;1;3;2;3;1
OC330IC02.tif;OC330;IC02;;I;C;9;2;3;1;3;1;3;1;1;3;3;1
OC330IC03.tif;OC330;IC03;;I;C;9;3;3;1;3;1;3;1;3;1;3;1
OC330IC04.tif;OC330;IC04;;I;C;9;4;1;3;1;3;3;1;1;3;1;3
OC330IC05.tif;OC330;IC05;;I;C;9;5;3;1;3;1;3;2;2;3;3;1
OC330IC06.tif;OC330;IC06;;I;C;9;6;3;1;3;1;3;1;1;3;1;3
OC330IC07.tif;OC330;IC07;;I;C;9;7;3;1;3;1;3;2;3;1;3;1
OC330IC08.tif;OC330;IC08;;I;C;9;8;1;3;1;3;1;3;1;3;3;1
OC330IC09.tif;OC330;IC09;;I;C;9;9;1;3;1;3;1;3;1;3;3;1
OC330IC10.tif;OC330;IC10;;I;C;9;10;1;3;1;3;1;3;1;3;1;3
OC330IC11.tif;OC330;IC11;;I;C;9;11;3;1;3;1;3;1;3;1;3;1
OC330IC12.tif;OC330;IC12;;I;C;9;12;3;2;3;1;3;1;3;2;3;1
OC330IC13.tif;OC330;IC13;;I;C;9;13;2;3;2;3;1;3;1;3;3;1
OC330IC14.tif;OC330;IC14;;I;C;9;14;3;2;3;1;3;1;3;1;3;1
OC330IC15.tif;OC330;IC15;;I;C;9;15;3;2;1;3;1;3;1;3;1;3
OC330IC16.tif;OC330;IC16;;I;C;9;16;1;3;1;3;2;3;1;3;1;3
OC330IC17.tif;OC330;IC17;;I;C;9;17;3;1;3;2;1;3;3;2;3;2
OC330IC18.tif;OC330;IC18;;I;C;9;18;3;1;1;3;2;3;2;3;1;3
OC330IC19.tif;OC330;IC19;;I;C;9;19;1;3;3;1;3;2;3;1;1;3
OC330IC20.tif;OC330;IC20;;I;C;9;20;1;3;1;3;2;3;1;3;1;3
OC330IC21.tif;OC330;IC21;;I;C;9;21;1;3;3;1;3;2;3;1;1;3
OC330IC22.tif;OC330;IC22;;I;C;9;22;3;1;1;3;1;3;1;3;1;3
OC330IC23.tif;OC330;IC23;;I;C;9;23;1;3;1;3;3;1;1;3;1;3
OC330IC24.tif;OC330;IC24;;I;C;9;24;3;1;3;1;3;1;3;1;3;1
OC330IC25.tif;OC330;IC25;;I;C;9;25;3;1;3;1;2;3;3;2;3;1
OC330IC26.tif;OC330;IC26;;I;C;9;26;1;3;1;3;1;3;1;3;1;3
OC330IC27.tif;OC330;IC27;;I;C;9;27;3;2;3;1;3;1;3;1;3;2
OC330IC28.tif;OC330;IC28;;I;C;9;28;3;1;3;2;3;2;2;3;1;3
OC330IC29.tif;OC330;IC29;;I;C;9;29;3;2;3;1;3;1;3;1;3;2
OC330IC30.tif;OC330;IC30;;I;C;9;30;1;3;1;3;3;1;3;1;3;1
OC330IS01.tif;OC330;IS01;;I;S;9;31;3;1;3;1;1;3;1;3;1;3
OC330IS02.tif;OC330;IS02;;I;S;9;32;3;1;1;3;3;1;3;1;3;1
OC330IS03.tif;OC330;IS03;;I;S;9;33;3;1;3;1;2;3;1;3;1;3
OC330IS04.tif;OC330;IS04;;I;S;9;34;1;3;3;1;1;3;3;2;2;3
OC330IS05.tif;OC330;IS05;;I;S;9;35;2;3;3;1;3;1;3;1;3;2
OC330IS06.tif;OC330;IS06;;I;S;9;36;3;1;3;1;3;1;3;1;3;1
OC330IS07.tif;OC330;IS07;;I;S;9;37;1;3;1;3;1;3;1;3;2;3
OC330IS08.tif;OC330;IS08;;I;S;9;38;1;3;1;3;1;3;1;3;3;1
OC330IS09.tif;OC330;IS09;;I;S;9;39;1;3;1;3;1;3;1;3;1;3
OC330IS10.tif;OC330;IS10;;I;S;9;40;1;3;1;3;1;3;1;3;1;3
OC330IS11.tif;OC330;IS11;;I;S;9;41;1;3;1;3;1;3;1;3;1;3
OC330IS12.tif;OC330;IS12;;I;S;9;42;1;3;3;1;3;1;3;1;3;1
OC330IS13.tif;OC330;IS13;;I;S;9;43;3;1;3;1;1;3;2;3;3;1
OC330IS14.tif;OC330;IS14;;I;S;9;44;1;3;1;3;1;3;1;3;3;1
OC330IS15.tif;OC330;IS15;;I;S;9;45;3;1;3;1;3;1;3;1;2;3
OC330IS16.tif;OC330;IS16;;I;S;9;46;1;3;1;3;1;3;1;3;1;3
OC330IS17.tif;OC330;IS17;;I;S;9;47;3;2;3;1;2;3;3;1;3;1
OC330IS18.tif;OC330;IS18;;I;S;9;48;3;1;3;1;1;3;3;1;2;3
OC330IS19.tif;OC330;IS19;;I;S;9;49;3;1;1;3;1;3;3;2;1;3
OC330IS20.tif;OC330;IS20;;I;S;9;50;1;3;3;1;3;1;2;3;1;3
OC330IS21.tif;OC330;IS21;;I;S;9;51;1;3;2;3;2;3;3;1;1;3
OC330IS22.tif;OC330;IS22;;I;S;9;52;3;2;2;3;2;3;3;1;3;1
OC330IS23.tif;OC330;IS23;;I;S;9;53;3;1;3;2;3;1;3;1;3;1
OC330IS24.tif;OC330;IS24;;I;S;9;54;1;3;3;1;3;1;3;2;3;1
OC330IS25.tif;OC330;IS25;;I;S;9;55;3;1;1;3;1;3;1;3;1;3
OC330IS26.tif;OC330;IS26;;I;S;9;56;1;3;1;3;1;3;1;3;1;3
OC330IS27.tif;OC330;IS27;;I;S;9;57;1;3;1;3;1;3;3;2;2;3
OC330IS28.tif;OC330;IS28;;I;S;9;58;2;3;3;1;1;3;1;3;1;3
OC330IS29.tif;OC330;IS29;;I;S;9;59;3;2;3;1;3;1;2;3;3;1
OC330IS30.tif;OC330;IS30;;I;S;9;60;3;1;3;1;3;1;2;3;3;1
OC330PC01.tif;OC330;PC01;;P;C;9;61;2;3;1;3;1;3;1;3;1;3
OC330PC02.tif;OC330;PC02;;P;C;9;62;3;1;3;2;3;1;1;3;1;3
OC330PC03.tif;OC330;PC03;;P;C;9;63;2;3;3;1;3;1;3;1;3;1
OC330PC04.tif;OC330;PC04;;P;C;9;64;3;2;2;3;2;3;3;1;3;1
OC330PC05.tif;OC330;PC05;;P;C;9;65;3;1;3;1;3;2;3;1;2;3
OC330PC06.tif;OC330;PC06;;P;C;9;66;1;3;2;3;3;1;1;3;1;3
OC330PC07.tif;OC330;PC07;;P;C;9;67;1;3;1;3;1;3;1;3;3;1
OC330PC08.tif;OC330;PC08;;P;C;9;68;1;3;1;3;2;3;1;3;3;1
OC330PC09.tif;OC330;PC09;;P;C;9;69;1;3;1;3;1;3;1;3;3;1
OC330PC10.tif;OC330;PC10;;P;C;9;70;1;3;1;3;1;3;1;3;1;3
OC330PC11.tif;OC330;PC11;;P;C;9;71;3;1;3;1;3;1;3;2;3;2
OC330PC12.tif;OC330;PC12;;P;C;9;72;3;2;3;2;3;1;3;1;2;3
OC330PC13.tif;OC330;PC13;;P;C;9;73;2;3;1;3;1;3;1;3;2;3
OC330PC14.tif;OC330;PC14;;P;C;9;74;1;3;1;3;1;3;1;3;1;3
OC330PC15.tif;OC330;PC15;;P;C;9;75;3;1;3;1;2;3;3;1;2;3
OC330PC16.tif;OC330;PC16;;P;C;9;76;3;1;3;1;1;3;3;2;2;3
OC330PC17.tif;OC330;PC17;;P;C;9;77;3;1;3;1;3;1;3;1;3;1
OC330PC18.tif;OC330;PC18;;P;C;9;78;3;1;3;1;2;3;3;1;3;1
OC330PC19.tif;OC330;PC19;;P;C;9;79;1;3;1;3;1;3;1;3;1;3
OC330PC20.tif;OC330;PC20;;P;C;9;80;3;1;3;1;3;1;3;1;3;2
OC330PC21.tif;OC330;PC21;;P;C;9;81;3;1;3;1;3;1;3;1;3;1
OC330PC22.tif;OC330;PC22;;P;C;9;82;3;1;3;2;3;1;2;3;1;3
OC330PC23.tif;OC330;PC23;;P;C;9;83;1;3;1;3;1;3;1;3;1;3
OC330PC24.tif;OC330;PC24;;P;C;9;84;1;3;1;3;1;3;1;3;3;1
OC330PC25.tif;OC330;PC25;;P;C;9;85;1;3;1;3;1;3;1;3;3;1
OC330PC26.tif;OC330;PC26;;P;C;9;86;1;3;1;3;2;3;2;3;3;1
OC330PC27.tif;OC330;PC27;;P;C;9;87;1;3;2;3;1;3;1;3;1;3
OC330PC28.tif;OC330;PC28;;P;C;9;88;3;1;3;1;3;2;3;1;3;1
OC330PC29.tif;OC330;PC29;;P;C;9;89;2;3;3;1;2;3;3;1;1;3
OC330PC30.tif;OC330;PC30;;P;C;9;90;2;3;3;2;3;1;3;1;3;1
OC330PS01.tif;OC330;PS01;;P;S;9;91;3;1;2;3;3;1;1;3;1;3
OC330PS02.tif;OC330;PS02;;P;S;9;92;1;3;1;3;1;3;1;3;2;3
OC330PS03.tif;OC330;PS03;;P;S;9;93;3;1;3;1;1;3;3;1;3;1
OC330PS04.tif;OC330;PS04;;P;S;9;94;3;1;3;1;2;3;3;1;3;1
OC330PS05.tif;OC330;PS05;;P;S;9;95;3;1;3;2;1;3;1;3;1;3
OC330PS06.tif;OC330;PS06;;P;S;9;96;1;3;1;3;3;1;1;3;3;1
OC330PS07.tif;OC330;PS07;;P;S;9;97;1;3;1;3;1;3;1;3;1;3
OC330PS08.tif;OC330;PS08;;P;S;9;98;3;1;1;3;2;3;1;3;1;3
OC330PS09.tif;OC330;PS09;;P;S;9;99;1;3;3;1;3;2;2;3;3;1
OC330PS10.tif;OC330;PS10;;P;S;9;100;3;1;2;3;3;1;3;1;3;2
OC330PS11.tif;OC330;PS11;;P;S;9;101;3;1;2;3;3;1;3;1;3;1
OC330PS12.tif;OC330;PS12;;P;S;9;102;1;3;1;3;1;3;3;2;1;3
OC330PS13.tif;OC330;PS13;;P;S;9;103;1;3;2;3;2;3;3;1;1;3
OC330PS14.tif;OC330;PS14;;P;S;9;104;3;1;1;3;3;2;3;1;1;3
OC330PS15.tif;OC330;PS15;;P;S;9;105;2;3;3;1;1;3;3;1;3;1
OC330PS16.tif;OC330;PS16;;P;S;9;106;2;3;3;1;2;3;3;1;3;1
OC330PS17.tif;OC330;PS17;;P;S;9;107;1;3;2;3;1;3;2;3;2;3
OC330PS18.tif;OC330;PS18;;P;S;9;108;3;1;3;1;1;3;2;3;3;1
OC330PS19.tif;OC330;PS19;;P;S;9;109;1;3;2;3;1;3;1;3;3;1
OC330PS20.tif;OC330;PS20;;P;S;9;110;3;1;3;1;3;1;3;1;3;1
OC330PS21.tif;OC330;PS21;;P;S;9;111;2;3;3;1;3;1;3;1;3;1
OC330PS22.tif;OC330;PS22;;P;S;9;112;1;3;1;3;1;3;1;3;1;3
OC330PS23.tif;OC330;PS23;;P;S;9;113;2;3;3;1;2;3;2;3;3;1
OC330PS24.tif;OC330;PS24;;P;S;9;114;1;3;1;3;3;2;1;3;1;3
OC330PS25.tif;OC330;PS25;;P;S;9;115;1;3;1;3;1;3;1;3;3;1
OC330PS26.tif;OC330;PS26;;P;S;9;116;1;3;1;3;1;3;1;3;3;1
OC330PS27.tif;OC330;PS27;;P;S;9;117;3;1;3;2;3;1;3;1;3;1
OC330PS28.tif;OC330;PS28;;P;S;9;118;3;1;3;1;2;3;3;1;3;1
OC330PS29.tif;OC330;PS29;;P;S;9;119;2;3;3;1;3;1;3;2;2;3
OC330PS30.tif;OC330;PS30;;P;S;9;120;3;2;3;1;3;1;1;3;1;3
SC315IC01.tif;SC315;IC01;;I;C;10;1;3;1;3;1;3;1;2;3;2;3
SC315IC02.tif;SC315;IC02;;I;C;10;2;3;1;3;1;1;3;1;3;1;3
SC315IC03.tif;SC315;IC03;;I;C;10;3;1;3;1;3;3;1;3;1;3;2
SC315IC04.tif;SC315;IC04;;I;C;10;4;1;3;1;3;1;3;1;3;1;3
SC315IC05.tif;SC315;IC05;;I;C;10;5;1;3;3;1;2;3;3;1;3;1
SC315IC06.tif;SC315;IC06;;I;C;10;6;3;1;3;1;3;2;3;1;3;1
SC315IC07.tif;SC315;IC07;;I;C;10;7;1;3;1;3;1;3;1;3;1;3
SC315IC08.tif;SC315;IC08;;I;C;10;8;2;3;3;1;3;1;2;3;3;1
SC315IC09.tif;SC315;IC09;;I;C;10;9;1;3;3;2;3;1;3;1;1;3
SC315IC10.tif;SC315;IC10;;I;C;10;10;1;3;1;3;1;3;1;3;1;3
SC315IC11.tif;SC315;IC11;;I;C;10;11;3;1;1;3;1;3;1;3;1;3
SC315IC12.tif;SC315;IC12;;I;C;10;12;2;3;3;1;3;2;3;2;3;1
SC315IC13.tif;SC315;IC13;;I;C;10;13;1;3;1;3;1;3;1;3;1;3
SC315IC14.tif;SC315;IC14;;I;C;10;14;3;2;1;3;3;1;3;1;2;3
SC315IC15.tif;SC315;IC15;;I;C;10;15;3;1;1;3;3;2;2;3;1;3
SC315IC16.tif;SC315;IC16;;I;C;10;16;2;3;3;1;1;3;3;1;2;3
SC315IC17.tif;SC315;IC17;;I;C;10;17;1;3;1;3;1;3;1;3;1;3
SC315IC18.tif;SC315;IC18;;I;C;10;18;1;3;1;3;2;3;1;3;1;3
SC315IC19.tif;SC315;IC19;;I;C;10;19;3;1;3;1;2;3;3;2;3;1
SC315IC20.tif;SC315;IC20;;I;C;10;20;1;3;1;3;1;3;1;3;3;1
SC315IC21.tif;SC315;IC21;;I;C;10;21;1;3;3;1;3;1;3;1;3;1
SC315IC22.tif;SC315;IC22;;I;C;10;22;3;2;3;1;3;1;3;1;3;2
SC315IC23.tif;SC315;IC23;;I;C;10;23;1;3;1;3;2;3;1;3;1;3
SC315IC24.tif;SC315;IC24;;I;C;10;24;1;3;1;3;1;3;1;3;3;2
SC315IC25.tif;SC315;IC25;;I;C;10;25;1;3;2;3;1;3;1;3;3;1
SC315IC26.tif;SC315;IC26;;I;C;10;26;1;3;3;2;3;1;3;2;2;3
SC315IC27.tif;SC315;IC27;;I;C;10;27;3;2;1;3;3;1;1;3;1;3
SC315IC28.tif;SC315;IC28;;I;C;10;28;3;2;3;1;3;1;2;3;2;3
SC315IC29.tif;SC315;IC29;;I;C;10;29;3;1;2;3;3;1;3;1;3;1
SC315IC30.tif;SC315;IC30;;I;C;10;30;1;3;1;3;3;1;3;1;1;3
SC315IS01.tif;SC315;IS01;;I;S;10;31;3;1;3;2;2;3;3;1;3;1
SC315IS02.tif;SC315;IS02;;I;S;10;32;3;1;3;2;3;1;2;3;3;1
SC315IS03.tif;SC315;IS03;;I;S;10;33;3;1;3;1;2;3;3;1;3;1
SC315IS04.tif;SC315;IS04;;I;S;10;34;1;3;1;3;3;1;1;3;3;1
SC315IS05.tif;SC315;IS05;;I;S;10;35;3;1;3;1;3;1;3;1;3;1
SC315IS06.tif;SC315;IS06;;I;S;10;36;1;3;1;3;1;3;1;3;1;3
SC315IS07.tif;SC315;IS07;;I;S;10;37;3;1;3;1;3;1;3;2;3;1
SC315IS08.tif;SC315;IS08;;I;S;10;38;1;3;1;3;1;3;1;3;1;3
SC315IS09.tif;SC315;IS09;;I;S;10;39;3;2;3;1;3;2;3;1;3;1
SC315IS10.tif;SC315;IS10;;I;S;10;40;3;1;2;3;2;3;3;1;1;3
SC315IS11.tif;SC315;IS11;;I;S;10;41;3;2;3;1;3;2;3;1;3;1
SC315IS12.tif;SC315;IS12;;I;S;10;42;3;2;1;3;3;1;3;2;3;1
SC315IS13.tif;SC315;IS13;;I;S;10;43;1;3;1;3;1;3;1;3;1;3
SC315IS14.tif;SC315;IS14;;I;S;10;44;1;3;1;3;1;3;1;3;1;3
SC315IS15.tif;SC315;IS15;;I;S;10;45;1;3;3;1;3;1;3;2;1;3
SC315IS16.tif;SC315;IS16;;I;S;10;46;2;3;1;3;3;1;3;2;1;3
SC315IS17.tif;SC315;IS17;;I;S;10;47;1;3;3;1;3;1;3;1;1;3
SC315IS18.tif;SC315;IS18;;I;S;10;48;1;3;1;3;1;3;1;3;1;3
SC315IS19.tif;SC315;IS19;;I;S;10;49;3;1;3;1;1;3;3;2;3;1
SC315IS20.tif;SC315;IS20;;I;S;10;50;3;2;1;3;3;1;2;3;1;3
SC315IS21.tif;SC315;IS21;;I;S;10;51;1;3;1;3;1;3;1;3;1;3
SC315IS22.tif;SC315;IS22;;I;S;10;52;2;3;3;1;3;1;2;3;2;3
SC315IS23.tif;SC315;IS23;;I;S;10;53;1;3;3;1;3;2;3;1;3;1
SC315IS24.tif;SC315;IS24;;I;S;10;54;3;2;1;3;1;3;1;3;1;3
SC315IS25.tif;SC315;IS25;;I;S;10;55;2;3;3;1;1;3;3;2;3;1
SC315IS26.tif;SC315;IS26;;I;S;10;56;3;1;3;2;2;3;3;1;1;3
SC315IS27.tif;SC315;IS27;;I;S;10;57;3;1;3;1;1;3;3;1;3;1
SC315IS28.tif;SC315;IS28;;I;S;10;58;1;3;1;3;1;3;1;3;1;3
SC315IS29.tif;SC315;IS29;;I;S;10;59;3;1;3;1;1;3;1;3;1;3
SC315IS30.tif;SC315;IS30;;I;S;10;60;3;1;2;3;3;1;3;1;3;1
SC315PC01.tif;SC315;PC01;;P;C;10;61;1;3;1;3;3;1;1;3;1;3
SC315PC02.tif;SC315;PC02;;P;C;10;62;1;3;1;3;3;1;3;1;3;1
SC315PC03.tif;SC315;PC03;;P;C;10;63;3;1;3;2;3;1;1;3;3;1
SC315PC04.tif;SC315;PC04;;P;C;10;64;3;1;3;1;2;3;3;1;3;2
SC315PC05.tif;SC315;PC05;;P;C;10;65;3;1;3;2;3;1;1;3;1;3
SC315PC06.tif;SC315;PC06;;P;C;10;66;2;3;2;3;3;1;3;1;3;1
SC315PC07.tif;SC315;PC07;;P;C;10;67;1;3;1;3;1;3;1;3;1;3
SC315PC08.tif;SC315;PC08;;P;C;10;68;3;1;3;1;2;3;3;1;3;2
SC315PC09.tif;SC315;PC09;;P;C;10;69;1;3;1;3;2;3;1;3;3;1
SC315PC10.tif;SC315;PC10;;P;C;10;70;1;3;1;3;1;3;1;3;1;3
SC315PC11.tif;SC315;PC11;;P;C;10;71;1;3;3;2;3;1;3;1;1;3
SC315PC12.tif;SC315;PC12;;P;C;10;72;1;3;1;3;1;3;1;3;3;1
SC315PC13.tif;SC315;PC13;;P;C;10;73;1;3;1;3;1;3;1;3;1;3
SC315PC14.tif;SC315;PC14;;P;C;10;74;3;1;3;1;3;1;3;1;3;2
SC315PC15.tif;SC315;PC15;;P;C;10;75;3;1;3;1;3;1;3;1;3;1
SC315PC16.tif;SC315;PC16;;P;C;10;76;1;3;1;3;1;3;1;3;1;3
SC315PC17.tif;SC315;PC17;;P;C;10;77;1;3;1;3;1;3;3;1;1;3
SC315PC18.tif;SC315;PC18;;P;C;10;78;2;3;3;1;3;1;3;1;3;1
SC315PC19.tif;SC315;PC19;;P;C;10;79;3;1;3;1;3;2;3;1;3;1
SC315PC20.tif;SC315;PC20;;P;C;10;80;1;3;1;3;1;3;1;3;1;3
SC315PC21.tif;SC315;PC21;;P;C;10;81;1;3;1;3;1;3;1;3;3;1
SC315PC22.tif;SC315;PC22;;P;C;10;82;3;1;3;2;3;1;3;1;3;2
SC315PC23.tif;SC315;PC23;;P;C;10;83;1;3;1;3;1;3;1;3;3;1
SC315PC24.tif;SC315;PC24;;P;C;10;84;1;3;1;3;1;3;1;3;3;2
SC315PC25.tif;SC315;PC25;;P;C;10;85;3;2;3;1;3;1;3;1;3;1
SC315PC26.tif;SC315;PC26;;P;C;10;86;3;1;1;3;2;3;2;3;1;3
SC315PC27.tif;SC315;PC27;;P;C;10;87;3;2;2;3;3;1;3;1;1;3
SC315PC28.tif;SC315;PC28;;P;C;10;88;3;1;3;1;3;2;1;3;2;3
SC315PC29.tif;SC315;PC29;;P;C;10;89;3;1;3;1;2;3;1;3;3;1
SC315PC30.tif;SC315;PC30;;P;C;10;90;3;1;3;2;3;1;3;1;3;1
SC315PS01.tif;SC315;PS01;;P;S;10;91;1;3;1;3;3;1;3;2;3;1
SC315PS02.tif;SC315;PS02;;P;S;10;92;1;3;1;3;3;1;2;3;2;3
SC315PS03.tif;SC315;PS03;;P;S;10;93;3;1;3;1;3;1;1;3;3;1
SC315PS04.tif;SC315;PS04;;P;S;10;94;3;1;3;2;1;3;1;3;1;3
SC315PS05.tif;SC315;PS05;;P;S;10;95;1;3;1;3;1;3;1;3;1;3
SC315PS06.tif;SC315;PS06;;P;S;10;96;3;1;1;3;3;1;3;2;3;1
SC315PS07.tif;SC315;PS07;;P;S;10;97;3;1;3;2;3;2;3;1;3;1
SC315PS08.tif;SC315;PS08;;P;S;10;98;3;1;3;1;3;1;3;2;3;1
SC315PS09.tif;SC315;PS09;;P;S;10;99;3;1;1;3;1;3;1;3;1;3
SC315PS10.tif;SC315;PS10;;P;S;10;100;1;3;3;1;3;2;2;3;3;2
SC315PS11.tif;SC315;PS11;;P;S;10;101;3;1;1;3;1;3;2;3;1;3
SC315PS12.tif;SC315;PS12;;P;S;10;102;2;3;3;1;3;1;3;1;3;2
SC315PS13.tif;SC315;PS13;;P;S;10;103;3;1;1;3;3;1;2;3;1;3
SC315PS14.tif;SC315;PS14;;P;S;10;104;3;1;3;1;1;3;3;1;3;2
SC315PS15.tif;SC315;PS15;;P;S;10;105;1;3;1;3;1;3;1;3;3;2
SC315PS16.tif;SC315;PS16;;P;S;10;106;1;3;2;3;3;1;3;1;1;3
SC315PS17.tif;SC315;PS17;;P;S;10;107;1;3;2;3;1;3;1;3;2;3
SC315PS18.tif;SC315;PS18;;P;S;10;108;1;3;1;3;2;3;2;3;1;3
SC315PS19.tif;SC315;PS19;;P;S;10;109;3;1;1;3;3;1;3;2;2;3
SC315PS20.tif;SC315;PS20;;P;S;10;110;3;1;3;1;1;3;3;1;3;1
SC315PS21.tif;SC315;PS21;;P;S;10;111;2;3;1;3;1;3;3;1;1;3
SC315PS22.tif;SC315;PS22;;P;S;10;112;1;3;1;3;1;3;1;3;1;3
SC315PS23.tif;SC315;PS23;;P;S;10;113;1;3;1;3;1;3;3;1;1;3
SC315PS24.tif;SC315;PS24;;P;S;10;114;1;3;3;2;2;3;3;1;1;3
SC315PS25.tif;SC315;PS25;;P;S;10;115;3;2;2;3;3;1;3;1;3;1
SC315PS26.tif;SC315;PS26;;P;S;10;116;3;1;3;1;1;3;3;1;3;1
SC315PS27.tif;SC315;PS27;;P;S;10;117;3;2;3;1;3;1;3;1;3;1
SC315PS28.tif;SC315;PS28;;P;S;10;118;3;2;3;1;2;3;3;1;1;3
SC315PS29.tif;SC315;PS29;;P;S;10;119;3;1;3;1;3;1;2;3;1;3
SC315PS30.tif;SC315;PS30;;P;S;10;120;3;1;3;1;1;3;1;3;1;3
